thema,advertentiegroep,zoekwoord,matchtype,volume_nl_schatting,volume_be_schatting,bron_volume,intentie,prioriteit,opmerking
Merk,00 Merk | Merk,bline leeskussen,Exact + woordgroep,10,10,"bol aug-sep 2026: 7 zoekopdrachten op 5 dagen (~12/mnd NL+BE), 4 kliks/1 aankopen Bline; x2 Google-factor, 80/20 NL/BE [Inschatting]",koop,1,"Merkterm; bol: 4 kliks, 1 aankoop. Landt op homepage."
Merk,00 Merk | Merk,bline,Woordgroep,90,30,bol: 67 zoekopdrachten op 22 dagen (~90/mnd); Google-volume onbekend door dubbelzinnigheid [Inschatting],koop,1,Dubbelzinnig (andere bedrijven heten ook B-line/Bline); zoektermen wekelijks nalopen. Niet als breed.
Merk,00 Merk | Merk,blinesleep,Exact + woordgroep,10,10,[Inschatting] geen bol- of autocomplete-signaal; afgeleid van verwante termen,koop,1,Domeinnaam als zoekterm
Merk,00 Merk | Merk,bline sleep,Exact + woordgroep,10,10,[Inschatting] geen bol- of autocomplete-signaal; afgeleid van verwante termen,koop,1,
Merk,00 Merk | Merk,bline kussen,Woordgroep,10,10,[Inschatting] geen bol- of autocomplete-signaal; afgeleid van verwante termen,koop,1,
Merk,00 Merk | Merk,bline leeskussen review,Woordgroep,10,10,[Inschatting] geen bol- of autocomplete-signaal; afgeleid van verwante termen,oriëntatie,2,Mag op merk; landt op homepage met reviewblok
Merk,00 Merk | Merk,bline ervaringen,Woordgroep,10,10,[Inschatting] geen bol- of autocomplete-signaal; afgeleid van verwante termen,oriëntatie,2,
Merk,00 Merk | Merk,blin leeskussen,Exact,10,10,"bol: 'blin' 3, 'blins' 1 [Inschatting]",koop,3,Tikfout; bol zag 'blin' en 'blins'
Merk,00 Merk | Hoes,bline leeskussen hoes,Exact + woordgroep,10,10,"bol aug-sep 2026: 1 zoekopdrachten op 1 dagen (~4/mnd NL+BE), 0 kliks/0 aankopen Bline; x3 Google-factor, 80/20 NL/BE [Inschatting]",koop,1,Bestaande klanten (bol) zoeken een tweede hoes; landt op hoes-product
Merk,00 Merk | Hoes,bline hoes,Woordgroep,10,10,[Inschatting] geen bol- of autocomplete-signaal; afgeleid van verwante termen,koop,1,
Merk,00 Merk | Hoes,slopen voor bline leeskussen,Woordgroep,10,10,bol: 'slopen voor bline leeskussens' 1 [Inschatting],koop,2,bol: 1 klik
Leeskussen,02 Generiek | Leeskussen,leeskussen,Exact,3600,880,"bol aug-sep 2026: 4249 zoekopdrachten op 56 dagen (~2276/mnd NL+BE), 51 kliks/2 aankopen Bline; x2 Google-factor, 80/20 NL/BE [Inschatting]",koop,1,"Grootste term (bol ~2.300/mnd); Q4 x1,5-2,5. Exact houdt kijkers naar ikea/action/kind buiten. Shopping pakt de rest."
Leeskussen,02 Generiek | Leeskussen,leeskussens,Exact,320,70,"Google-autocomplete NL 07-10-2026 (komt voor in suggesties); volume [Inschatting] t.o.v. verwante bol-term (relevantie 557, vlak na 'leeskussen bank')",koop,1,Meervoud; exact dekt ook enkelvoud-varianten
Leeskussen,02 Generiek | Leeskussen,leeskussen kopen,Woordgroep,140,30,Google-autocomplete NL 07-10-2026 (komt voor in suggesties); volume [Inschatting] t.o.v. verwante bol-term,koop,1,Sterkste koopwoord
Leeskussen,02 Generiek | Leeskussen,lees kussen,Exact,50,10,Google-autocomplete NL 07-10-2026 (komt voor in suggesties); volume [Inschatting] t.o.v. verwante bol-term,koop,2,Losgeschreven variant
Leeskussen,02 Generiek | Leeskussen,leeskussen volwassenen,Woordgroep,30,10,bol: 'leeskussen voor volwassen' 2; [Inschatting],koop,2,Onderscheidt van kinderleeskussens
Leeskussen,02 Generiek | Leeskussen,leeskussen voor volwassenen,Woordgroep,20,10,bol: 'leeskussen voor volwassen' 2; [Inschatting],koop,2,
Leeskussen,02 Generiek | Leeskussen,groot leeskussen,Woordgroep,50,10,Google-autocomplete NL 07-10-2026 (komt voor in suggesties); volume [Inschatting] t.o.v. verwante bol-term,koop,2,65 x 50 x 45 cm is groot; claim klopt
Leeskussen,02 Generiek | Leeskussen,leeskussen review,Woordgroep,30,10,Google-autocomplete NL 07-10-2026 (komt voor in suggesties); volume [Inschatting] t.o.v. verwante bol-term,oriëntatie,3,"Vergelijkers (Slimgetest, Rustige Nacht) winnen hier; laag bod"
Leeskussen,02 Generiek | Leeskussen,beste leeskussen,Exact,210,50,Google-autocomplete NL 07-10-2026 (komt voor in suggesties); volume [Inschatting] t.o.v. verwante bol-term ('beste leeskussen voor in bed'); veel vergelijkingssites,oriëntatie,3,Zoekwoord mag; 'beste' nooit in de advertentie. Laag bod.
Leeskussen,02 Generiek | Leeskussen,leeskussen aanbieding,Exact,90,20,Google-autocomplete NL 07-10-2026 (komt voor in suggesties); volume [Inschatting] t.o.v. verwante bol-term,koop,3,Alleen bieden als er een echte aanbieding loopt; anders uitsluiten in Search
Leeskussen,02 Generiek | Leeskussen bed,leeskussen bed,Exact + woordgroep,320,90,"bol aug-sep 2026: 159 zoekopdrachten op 23 dagen (~207/mnd NL+BE), 6 kliks/0 aankopen Bline; x2 Google-factor, 80/20 NL/BE [Inschatting]",koop,1,Autocomplete nr. 1 onder 'leeskussen'
Leeskussen,02 Generiek | Leeskussen bed,leeskussen voor in bed,Woordgroep,210,50,"bol aug-sep 2026: 70 zoekopdrachten op 10 dagen (~88/mnd NL+BE), 2 kliks/0 aankopen Bline; x3 Google-factor, 80/20 NL/BE [Inschatting]",koop,1,Nr. 1 onder 'leeskussen v' (NL) en onder 'leeskussen' (BE)
Leeskussen,02 Generiek | Leeskussen bed,leeskussen in bed,Woordgroep,70,20,Google-autocomplete NL 07-10-2026 (komt voor in suggesties); volume [Inschatting] t.o.v. verwante bol-term,koop,1,
Leeskussen,02 Generiek | Leeskussen bed,leeskussen voor op bed,Woordgroep,50,10,Google-autocomplete NL 07-10-2026 (komt voor in suggesties); volume [Inschatting] t.o.v. verwante bol-term,koop,2,
Leeskussen,02 Generiek | Leeskussen bed,leeskussen voor bed,Woordgroep,30,10,Google-autocomplete NL 07-10-2026 (komt voor in suggesties); volume [Inschatting] t.o.v. verwante bol-term,koop,2,
Leeskussen,02 Generiek | Leeskussen bed,bed leeskussen,Exact,30,10,"bol aug-sep 2026: 4 zoekopdrachten op 1 dagen (~16/mnd NL+BE), 1 kliks/0 aankopen Bline; x2 Google-factor, 80/20 NL/BE [Inschatting]",koop,2,
Leeskussen,02 Generiek | Leeskussen bed,groot leeskussen bed,Woordgroep,30,10,Google-autocomplete NL 07-10-2026 (komt voor in suggesties); volume [Inschatting] t.o.v. verwante bol-term,koop,2,
Leeskussen,02 Generiek | Leeskussen bed,zit leeskussen bed,Woordgroep,20,10,Google-autocomplete NL 07-10-2026 (komt voor in suggesties); volume [Inschatting] t.o.v. verwante bol-term,koop,3,
Leeskussen,02 Generiek | Leeskussen bed,leeskussen bed rugkussen,Woordgroep,40,10,"bol aug-sep 2026: 8 zoekopdrachten op 3 dagen (~18/mnd NL+BE), 1 kliks/0 aankopen Bline; x3 Google-factor, 80/20 NL/BE [Inschatting]",koop,2,
Leeskussen,02 Generiek | Leeskussen bank en zetel,leeskussen bank,Woordgroep,90,20,"bol aug-sep 2026: 58 zoekopdrachten op 15 dagen (~60/mnd NL+BE), 2 kliks/0 aankopen Bline; x2 Google-factor, 80/20 NL/BE [Inschatting]",koop,1,
Leeskussen,02 Generiek | Leeskussen bank en zetel,leeskussen voor bank,Woordgroep,110,30,"bol aug-sep 2026: 43 zoekopdrachten op 11 dagen (~52/mnd NL+BE), 1 kliks/0 aankopen Bline; x3 Google-factor, 80/20 NL/BE [Inschatting]",koop,1,
Leeskussen,02 Generiek | Leeskussen bank en zetel,leeskussen voor op de bank,Woordgroep,90,20,Google-autocomplete NL 07-10-2026 (komt voor in suggesties); volume [Inschatting] t.o.v. verwante bol-term (relevantie 601),koop,1,
Leeskussen,02 Generiek | Leeskussen bank en zetel,leeskussen voor in bed en bank,Woordgroep,90,20,"bol aug-sep 2026: 27 zoekopdrachten op 9 dagen (~36/mnd NL+BE), 2 kliks/0 aankopen Bline; x3 Google-factor, 80/20 NL/BE [Inschatting]",koop,1,Beschrijft Bline precies
Leeskussen,02 Generiek | Leeskussen bank en zetel,leeskussen bed bank,Woordgroep,40,10,"bol aug-sep 2026: 4 zoekopdrachten op 1 dagen (~16/mnd NL+BE), 0 kliks/0 aankopen Bline; x3 Google-factor, 80/20 NL/BE [Inschatting]",koop,2,
Leeskussen,02 Generiek | Leeskussen bank en zetel,leeskussen zetel,Woordgroep,10,140,"Google-autocomplete BE 07-10-2026 (Vlaams, staat bovenaan); volume [Inschatting]",koop,1,Vlaams voor bank; in BE nr. 1 onder 'leeskussen z'
Leeskussen,02 Generiek | Leeskussen bank en zetel,leeskussen voor zetel,Woordgroep,10,50,"Google-autocomplete BE 07-10-2026 (Vlaams, staat bovenaan); volume [Inschatting]",koop,2,Vlaams
Rugkussen en rugsteun,02 Generiek | Rugkussen bed,rugkussen bed,Exact + woordgroep,1300,320,"bol aug-sep 2026: 1039 zoekopdrachten op 40 dagen (~779/mnd NL+BE), 13 kliks/1 aankopen Bline; x2 Google-factor, 80/20 NL/BE [Inschatting]",koop,1,Tweede term op bol; 1 aankoop bij 13 kliks
Rugkussen en rugsteun,02 Generiek | Rugkussen bed,rugkussen voor in bed,Woordgroep,140,30,Google-autocomplete NL 07-10-2026 (komt voor in suggesties); volume [Inschatting] t.o.v. verwante bol-term; bol 2 [Inschatting],koop,1,Natuurlijke formulering; op Google groter dan op bol
Rugkussen en rugsteun,02 Generiek | Rugkussen bed,rugkussen in bed,Woordgroep,50,10,Google-autocomplete NL 07-10-2026 (komt voor in suggesties); volume [Inschatting] t.o.v. verwante bol-term,koop,1,
Rugkussen en rugsteun,02 Generiek | Rugkussen bed,rugkussen op bed,Woordgroep,50,10,Google-autocomplete NL 07-10-2026 (komt voor in suggesties); volume [Inschatting] t.o.v. verwante bol-term,koop,2,
Rugkussen en rugsteun,02 Generiek | Rugkussen bed,rugkussen voor bed,Woordgroep,40,10,Google-autocomplete NL 07-10-2026 (komt voor in suggesties); volume [Inschatting] t.o.v. verwante bol-term; bol 'rugkussen voor bed' 3,koop,2,
Rugkussen en rugsteun,02 Generiek | Rugkussen bed,bed rugkussen,Exact,30,10,"bol aug-sep 2026: 8 zoekopdrachten op 4 dagen (~16/mnd NL+BE), 0 kliks/0 aankopen Bline; x2 Google-factor, 80/20 NL/BE [Inschatting]",koop,2,
Rugkussen en rugsteun,02 Generiek | Rugkussen bed,groot rugkussen bed,Woordgroep,50,10,Google-autocomplete NL 07-10-2026 (komt voor in suggesties); volume [Inschatting] t.o.v. verwante bol-term,koop,2,
Rugkussen en rugsteun,02 Generiek | Rugkussen bed,stevig rugkussen bed,Woordgroep,20,10,Google-autocomplete NL 07-10-2026 (komt voor in suggesties); volume [Inschatting] t.o.v. verwante bol-term,koop,2,"Past bij 3,8 kg traagschuim"
Rugkussen en rugsteun,02 Generiek | Rugkussen bed,rugkussen bed lezen,Woordgroep,20,10,Google-autocomplete NL 07-10-2026 (komt voor in suggesties); volume [Inschatting] t.o.v. verwante bol-term,koop,1,Exact de juiste intentie
Rugkussen en rugsteun,02 Generiek | Rugkussen bed,rugkussen leeskussen,Woordgroep,30,10,"bol aug-sep 2026: 5 zoekopdrachten op 1 dagen (~20/mnd NL+BE), 1 kliks/0 aankopen Bline; x2 Google-factor, 80/20 NL/BE [Inschatting]",koop,1,
Rugkussen en rugsteun,02 Generiek | Rugkussen bed,rugkussen bed bank,Woordgroep,70,20,"bol aug-sep 2026: 10 zoekopdrachten op 2 dagen (~28/mnd NL+BE), 0 kliks/0 aankopen Bline; x3 Google-factor, 80/20 NL/BE [Inschatting]",koop,2,
Rugkussen en rugsteun,02 Generiek | Rugkussen bed,rugkussen voor in bed en bank,Woordgroep,30,10,"bol aug-sep 2026: 5 zoekopdrachten op 3 dagen (~11/mnd NL+BE), 0 kliks/0 aankopen Bline; x3 Google-factor, 80/20 NL/BE [Inschatting]",koop,2,
Rugkussen en rugsteun,02 Generiek | Rugkussen bed,driehoekig rugkussen bed,Woordgroep,30,10,Google-autocomplete NL 07-10-2026 (komt voor in suggesties); volume [Inschatting] t.o.v. verwante bol-term,koop,2,Wigvorm = driehoek in zijaanzicht
Rugkussen en rugsteun,02 Generiek | Rugkussen bed,rugkussen driehoek,Woordgroep,40,10,Google-autocomplete NL 07-10-2026 (komt voor in suggesties); volume [Inschatting] t.o.v. verwante bol-term,koop,2,
Rugkussen en rugsteun,02 Generiek | Rugkussen bed,rugkussen wig,Woordgroep,20,10,Google-autocomplete NL 07-10-2026 (komt voor in suggesties); volume [Inschatting] t.o.v. verwante bol-term,koop,3,
Rugkussen en rugsteun,02 Generiek | Rugkussen bed,rugkussen schuin,Exact,20,10,Google-autocomplete NL 07-10-2026 (komt voor in suggesties); volume [Inschatting] t.o.v. verwante bol-term,koop,3,
Rugkussen en rugsteun,02 Generiek | Rugkussen bank en zetel,rugkussen bank,Exact,170,40,"bol aug-sep 2026: 87 zoekopdrachten op 12 dagen (~100/mnd NL+BE), 3 kliks/0 aankopen Bline; x2 Google-factor, 80/20 NL/BE [Inschatting]",koop,2,"Dubbelzinnig: ook losse rugkussens van een bankstel. Exact, laag bod, zoektermen nalopen. bol: 3 kliks, 0 aankopen."
Rugkussen en rugsteun,02 Generiek | Rugkussen bank en zetel,rugkussen voor op de bank,Woordgroep,90,20,Google-autocomplete NL 07-10-2026 (komt voor in suggesties); volume [Inschatting] t.o.v. verwante bol-term,koop,2,
Rugkussen en rugsteun,02 Generiek | Rugkussen bank en zetel,rugkussen zetel,Exact,10,90,"Google-autocomplete BE 07-10-2026 (Vlaams, staat bovenaan); volume [Inschatting]",koop,2,"Vlaams; ook zetelkussens, dus exact"
Rugkussen en rugsteun,02 Generiek | Rugkussen bank en zetel,rugkussen voor in de zetel,Woordgroep,10,30,"Google-autocomplete BE 07-10-2026 (Vlaams, staat bovenaan); volume [Inschatting]",koop,2,Vlaams
Rugkussen en rugsteun,02 Generiek | Rugkussen bank en zetel,rugsteun bank,Exact,50,10,"bol aug-sep 2026: 24 zoekopdrachten op 7 dagen (~36/mnd NL+BE), 1 kliks/0 aankopen Bline; x2 Google-factor, 80/20 NL/BE [Inschatting]",koop,3,Dubbelzinnig (bankstel)
Rugkussen en rugsteun,02 Generiek | Rugkussen bank en zetel,rugkussen traagschuim bank,Woordgroep,10,10,"bol aug-sep 2026: 2 zoekopdrachten op 1 dagen (~8/mnd NL+BE), 0 kliks/0 aankopen Bline; x3 Google-factor, 80/20 NL/BE [Inschatting]",koop,3,
Rugkussen en rugsteun,02 Generiek | Rugsteun bed,rugsteun bed,Exact,720,170,"bol aug-sep 2026: 327 zoekopdrachten op 21 dagen (~467/mnd NL+BE), 15 kliks/0 aankopen Bline; x2 Google-factor, 80/20 NL/BE [Inschatting]",koop,1,"Veel kliks op bol (15) maar 0 aankopen: trekt ook verstelbare/elektrische en zorg-rugsteunen. Exact plus stevige uitsluitingen (huren, medipoint, elektrisch, verstelbaar)."
Rugkussen en rugsteun,02 Generiek | Rugsteun bed,rugsteun voor in bed,Woordgroep,90,20,Google-autocomplete NL 07-10-2026 (komt voor in suggesties); volume [Inschatting] t.o.v. verwante bol-term; bol 7,koop,1,
Rugkussen en rugsteun,02 Generiek | Rugsteun bed,rugsteun in bed,Woordgroep,70,20,Google-autocomplete NL 07-10-2026 (komt voor in suggesties); volume [Inschatting] t.o.v. verwante bol-term,koop,1,
Rugkussen en rugsteun,02 Generiek | Rugsteun bed,rugsteun op bed,Woordgroep,30,10,Google-autocomplete NL 07-10-2026 (komt voor in suggesties); volume [Inschatting] t.o.v. verwante bol-term,koop,2,
Rugkussen en rugsteun,02 Generiek | Rugsteun bed,rugsteun kussen bed,Woordgroep,50,10,Google-autocomplete NL 07-10-2026 (komt voor in suggesties); volume [Inschatting] t.o.v. verwante bol-term,koop,1,Kussen-intentie expliciet
Rugkussen en rugsteun,02 Generiek | Rugsteun bed,rugsteun kussen voor in bed,Woordgroep,20,10,Google-autocomplete NL 07-10-2026 (komt voor in suggesties); volume [Inschatting] t.o.v. verwante bol-term,koop,1,
Rugkussen en rugsteun,02 Generiek | Rugsteun bed,bed rugsteun,Exact,50,10,"bol aug-sep 2026: 24 zoekopdrachten op 9 dagen (~32/mnd NL+BE), 0 kliks/0 aankopen Bline; x2 Google-factor, 80/20 NL/BE [Inschatting]",koop,2,
Rugkussen en rugsteun,02 Generiek | Rugsteun bed,ruggesteun in bed,Woordgroep,110,30,"bol aug-sep 2026: 22 zoekopdrachten op 3 dagen (~50/mnd NL+BE), 1 kliks/0 aankopen Bline; x3 Google-factor, 80/20 NL/BE [Inschatting]",koop,2,
Rugkussen en rugsteun,02 Generiek | Rugsteun bed,ruggesteun bed,Woordgroep,30,10,"bol aug-sep 2026: 5 zoekopdrachten op 1 dagen (~20/mnd NL+BE), 0 kliks/0 aankopen Bline; x2 Google-factor, 80/20 NL/BE [Inschatting]",koop,2,
Rugkussen en rugsteun,02 Generiek | Rugsteun bed,rug steun voor in bed,Woordgroep,70,20,"bol aug-sep 2026: 17 zoekopdrachten op 5 dagen (~30/mnd NL+BE), 1 kliks/0 aankopen Bline; x3 Google-factor, 80/20 NL/BE [Inschatting]",koop,2,
Rugkussen en rugsteun,02 Generiek | Rugsteun bed,rugleuning bed kussen,Woordgroep,30,10,Google-autocomplete NL 07-10-2026 (komt voor in suggesties); volume [Inschatting] t.o.v. verwante bol-term,koop,2,
Rugkussen en rugsteun,02 Generiek | Rugsteun bed,rugleuning voor in bed,Woordgroep,30,10,Google-autocomplete NL 07-10-2026 (komt voor in suggesties); volume [Inschatting] t.o.v. verwante bol-term,koop,2,
Rugkussen en rugsteun,02 Generiek | Rugsteun bed,rugsteun bed lezen,Woordgroep,20,10,Google-autocomplete NL 07-10-2026 (komt voor in suggesties); volume [Inschatting] t.o.v. verwante bol-term,koop,1,
Rugkussen en rugsteun,02 Generiek | Rugsteun bed,rugsteun bed kopen,Woordgroep,20,10,Google-autocomplete NL 07-10-2026 (komt voor in suggesties); volume [Inschatting] t.o.v. verwante bol-term,koop,2,
Rechtop zitten in bed,02 Generiek | Rechtop zitten in bed,kussen om rechtop te zitten in bed,Woordgroep,70,20,Google-autocomplete NL 07-10-2026 (komt voor in suggesties); volume [Inschatting] t.o.v. verwante bol-term,koop,1,Probleemformulering die precies past
Rechtop zitten in bed,02 Generiek | Rechtop zitten in bed,kussen om in bed te zitten,Woordgroep,90,20,Google-autocomplete NL 07-10-2026 (komt voor in suggesties); volume [Inschatting] t.o.v. verwante bol-term,koop,1,Nr. 1 onder 'kussen om' (relevantie 701)
Rechtop zitten in bed,02 Generiek | Rechtop zitten in bed,kussen rechtop zitten bed,Woordgroep,50,10,Google-autocomplete NL 07-10-2026 (komt voor in suggesties); volume [Inschatting] t.o.v. verwante bol-term,koop,1,
Rechtop zitten in bed,02 Generiek | Rechtop zitten in bed,kussen om rechtop in bed te zitten,Woordgroep,30,10,Google-autocomplete NL 07-10-2026 (komt voor in suggesties); volume [Inschatting] t.o.v. verwante bol-term,koop,1,
Rechtop zitten in bed,02 Generiek | Rechtop zitten in bed,kussen voor rechtop zitten in bed,Woordgroep,20,10,Google-autocomplete NL 07-10-2026 (komt voor in suggesties); volume [Inschatting] t.o.v. verwante bol-term,koop,2,
Rechtop zitten in bed,02 Generiek | Rechtop zitten in bed,zitkussen bed,Exact,20,10,"bol aug-sep 2026: 3 zoekopdrachten op 1 dagen (~12/mnd NL+BE), 0 kliks/0 aankopen Bline; x2 Google-factor, 80/20 NL/BE [Inschatting]",koop,2,Exact: 'zitkussen' alleen is stoelkussen
Rechtop zitten in bed,02 Generiek | Rechtop zitten in bed,zitkussen voor in bed,Woordgroep,50,10,Google-autocomplete NL 07-10-2026 (komt voor in suggesties); volume [Inschatting] t.o.v. verwante bol-term,koop,2,
Rechtop zitten in bed,02 Generiek | Rechtop zitten in bed,zitkussen op bed,Woordgroep,20,10,Google-autocomplete NL 07-10-2026 (komt voor in suggesties); volume [Inschatting] t.o.v. verwante bol-term,koop,3,
Rechtop zitten in bed,02 Generiek | Rechtop zitten in bed,rechtop zitkussen bed,Woordgroep,10,10,Google-autocomplete NL 07-10-2026 (komt voor in suggesties); volume [Inschatting] t.o.v. verwante bol-term,koop,3,
Rechtop zitten in bed,02 Generiek | Rechtop zitten in bed,bedkussen om te zitten,Woordgroep,10,10,Google-autocomplete NL 07-10-2026 (komt voor in suggesties); volume [Inschatting] t.o.v. verwante bol-term ('bed kussen zitten'),koop,3,
Rechtop zitten in bed,02 Generiek | Rechtop zitten in bed,zitkussen bed rugleuning,Woordgroep,10,10,[Inschatting] geen bol- of autocomplete-signaal; afgeleid van verwante termen,koop,3,Stond al in de huidige opzet
Rechtop zitten in bed,02 Generiek | Rechtop zitten in bed,kussen met rugleuning voor bed,Woordgroep,10,10,Google-autocomplete NL 07-10-2026 (komt voor in suggesties); volume [Inschatting] t.o.v. verwante bol-term ('kussen met rugleuning'),koop,3,
"Lezen, tv en laptop in bed",02 Generiek | Lezen en tv in bed,kussen om te lezen in bed,Woordgroep,50,10,Google-autocomplete NL 07-10-2026 (komt voor in suggesties); volume [Inschatting] t.o.v. verwante bol-term,koop,2,
"Lezen, tv en laptop in bed",02 Generiek | Lezen en tv in bed,kussen om te lezen,Woordgroep,70,20,Google-autocomplete NL 07-10-2026 (komt voor in suggesties); volume [Inschatting] t.o.v. verwante bol-term,koop,2,
"Lezen, tv en laptop in bed",02 Generiek | Lezen en tv in bed,kussen voor lezen in bed,Woordgroep,30,10,Google-autocomplete NL 07-10-2026 (komt voor in suggesties); volume [Inschatting] t.o.v. verwante bol-term,koop,2,
"Lezen, tv en laptop in bed",02 Generiek | Lezen en tv in bed,lezen in bed kussen,Woordgroep,30,10,Google-autocomplete NL 07-10-2026 (komt voor in suggesties); volume [Inschatting] t.o.v. verwante bol-term,koop,2,
"Lezen, tv en laptop in bed",02 Generiek | Lezen en tv in bed,kussen om boek te lezen in bed,Woordgroep,20,10,Google-autocomplete NL 07-10-2026 (komt voor in suggesties); volume [Inschatting] t.o.v. verwante bol-term,koop,2,
"Lezen, tv en laptop in bed",02 Generiek | Lezen en tv in bed,comfortabel lezen in bed,Woordgroep,50,10,Google-autocomplete NL 07-10-2026 (komt voor in suggesties); volume [Inschatting] t.o.v. verwante bol-term,oriëntatie,3,Informatief; alleen als blog of goede uitleg op de pagina staat
"Lezen, tv en laptop in bed",02 Generiek | Lezen en tv in bed,lezen in bed hulpmiddel,Woordgroep,20,10,Google-autocomplete NL 07-10-2026 (komt voor in suggesties); volume [Inschatting] t.o.v. verwante bol-term,oriëntatie,3,
"Lezen, tv en laptop in bed",02 Generiek | Lezen en tv in bed,steun om in bed te lezen,Woordgroep,20,10,Google-autocomplete NL 07-10-2026 (komt voor in suggesties); volume [Inschatting] t.o.v. verwante bol-term,koop,3,Ook boekstandaarden; zoektermen nalopen
"Lezen, tv en laptop in bed",02 Generiek | Lezen en tv in bed,lezen in bed,Niet bieden,390,90,"Google-autocomplete NL 07-10-2026 (komt voor in suggesties); volume [Inschatting] t.o.v. verwante bol-term (39 suggesties, vooral lampjes/brillen)",oriëntatie,3,"Te breed/informatief (lampjes, brillen, 'is lezen in bed slecht'); SEO-onderwerp"
"Lezen, tv en laptop in bed",02 Generiek | Lezen en tv in bed,tv kijken in bed kussen,Woordgroep,20,10,Google-autocomplete NL 07-10-2026 (komt voor in suggesties); volume [Inschatting] t.o.v. verwante bol-term,koop,2,
"Lezen, tv en laptop in bed",02 Generiek | Lezen en tv in bed,comfortabel tv kijken in bed,Woordgroep,20,10,Google-autocomplete NL 07-10-2026 (komt voor in suggesties); volume [Inschatting] t.o.v. verwante bol-term,oriëntatie,3,
"Lezen, tv en laptop in bed",02 Generiek | Lezen en tv in bed,series kijken in bed kussen,Woordgroep,10,10,[Inschatting] geen bol- of autocomplete-signaal; afgeleid van verwante termen,koop,3,
"Lezen, tv en laptop in bed",02 Generiek | Lezen en tv in bed,kussen om te werken in bed,Woordgroep,10,10,[Inschatting] geen bol- of autocomplete-signaal; afgeleid van verwante termen,koop,3,Laptop-gebruik; geen 'ergonomisch' in tekst
"Lezen, tv en laptop in bed",02 Generiek | Lezen en tv in bed,laptop kussen bed,Niet bieden,30,10,Google-autocomplete NL 07-10-2026 (komt voor in suggesties); volume [Inschatting] t.o.v. verwante bol-term,koop,3,Betekent vooral een schootkussen/laptoptafel (ander product)
Kenmerken,02 Generiek | Kenmerken,leeskussen traagschuim,Woordgroep,50,10,Google-autocomplete NL 07-10-2026 (komt voor in suggesties); volume [Inschatting] t.o.v. verwante bol-term; bol 1,koop,1,Bline-kenmerk
Kenmerken,02 Generiek | Kenmerken,leeskussen memory foam,Woordgroep,50,10,Google-autocomplete NL 07-10-2026 (komt voor in suggesties); volume [Inschatting] t.o.v. verwante bol-term,koop,2,
Kenmerken,02 Generiek | Kenmerken,rugkussen traagschuim,Woordgroep,20,10,"bol aug-sep 2026: 5 zoekopdrachten op 2 dagen (~14/mnd NL+BE), 0 kliks/0 aankopen Bline; x2 Google-factor, 80/20 NL/BE [Inschatting]",koop,2,Let op: ook stoel/auto; uitsluitingen dekken dat
Kenmerken,02 Generiek | Kenmerken,traagschuim rugkussen,Woordgroep,10,10,"bol aug-sep 2026: 2 zoekopdrachten op 1 dagen (~8/mnd NL+BE), 0 kliks/0 aankopen Bline; x2 Google-factor, 80/20 NL/BE [Inschatting]",koop,3,
Kenmerken,02 Generiek | Kenmerken,leeskussen stevig,Woordgroep,30,10,Google-autocomplete NL 07-10-2026 (komt voor in suggesties); volume [Inschatting] t.o.v. verwante bol-term,koop,2,
Kenmerken,02 Generiek | Kenmerken,leeskussen katoen,Woordgroep,20,10,Google-autocomplete NL 07-10-2026 (komt voor in suggesties); volume [Inschatting] t.o.v. verwante bol-term,koop,2,Katoen 400 TC is onderscheidend t.o.v. fluweel
Kenmerken,02 Generiek | Kenmerken,leeskussen met vak,Woordgroep,20,10,[Inschatting] geen bol- of autocomplete-signaal; afgeleid van verwante termen (bol-concurrenten adverteren met opbergvakken),koop,2,
Kenmerken,02 Generiek | Kenmerken,leeskussen met opbergvak,Woordgroep,20,10,[Inschatting] geen bol- of autocomplete-signaal; afgeleid van verwante termen,koop,2,
Kenmerken,02 Generiek | Kenmerken,leeskussen met telefoonvak,Woordgroep,10,10,[Inschatting] geen bol- of autocomplete-signaal; afgeleid van verwante termen,koop,3,
Kenmerken,02 Generiek | Kenmerken,leeskussen afneembare hoes,Woordgroep,20,10,[Inschatting] geen bol- of autocomplete-signaal; afgeleid van verwante termen,koop,2,
Kenmerken,02 Generiek | Kenmerken,leeskussen wasbare hoes,Woordgroep,10,10,[Inschatting] geen bol- of autocomplete-signaal; afgeleid van verwante termen,koop,3,
Kenmerken,02 Generiek | Kenmerken,leeskussen hoog,Woordgroep,20,10,Google-autocomplete NL 07-10-2026 (komt voor in suggesties); volume [Inschatting] t.o.v. verwante bol-term,koop,3,45 cm hoog
Kenmerken,02 Generiek | Kenmerken,ergonomisch leeskussen,Exact,50,10,"bol aug-sep 2026: 24 zoekopdrachten op 9 dagen (~32/mnd NL+BE), 1 kliks/0 aankopen Bline; x2 Google-factor, 80/20 NL/BE [Inschatting]",koop,3,"Zoekwoord mag, maar 'ergonomisch' nooit in de advertentie of op de pagina als claim. Alleen exact, laag bod."
Kenmerken,02 Generiek | Kenmerken,leeskussen ergonomisch,Exact,30,10,"bol aug-sep 2026: 4 zoekopdrachten op 1 dagen (~16/mnd NL+BE), 1 kliks/0 aankopen Bline; x2 Google-factor, 80/20 NL/BE [Inschatting]",koop,3,Idem
Kenmerken,02 Generiek | Kenmerken,ergonomisch rugkussen bed,Exact,30,10,Google-autocomplete NL 07-10-2026 (komt voor in suggesties); volume [Inschatting] t.o.v. verwante bol-term,koop,3,Idem
Kleuren,02 Generiek | Kleuren,leeskussen wit,Woordgroep,20,10,"bol aug-sep 2026: 6 zoekopdrachten op 3 dagen (~14/mnd NL+BE), 0 kliks/0 aankopen Bline; x2 Google-factor, 80/20 NL/BE [Inschatting]",koop,2,Final URL op zoekwoordniveau: /products/leeskussen-wit
Kleuren,02 Generiek | Kleuren,leeskussen beige,Woordgroep,30,10,"bol aug-sep 2026: 9 zoekopdrachten op 3 dagen (~21/mnd NL+BE), 1 kliks/0 aankopen Bline; x2 Google-factor, 80/20 NL/BE [Inschatting]",koop,2,Final URL op zoekwoordniveau: /products/leeskussen-beige
Kleuren,02 Generiek | Kleuren,leeskussen blauw,Woordgroep,30,10,"bol aug-sep 2026: 7 zoekopdrachten op 2 dagen (~20/mnd NL+BE), 0 kliks/0 aankopen Bline; x2 Google-factor, 80/20 NL/BE [Inschatting]",koop,2,Final URL op zoekwoordniveau: /products/leeskussen-blauw
Kleuren,02 Generiek | Kleuren,leeskussen grijs,Woordgroep,40,10,"bol aug-sep 2026: 7 zoekopdrachten op 1 dagen (~28/mnd NL+BE), 0 kliks/0 aankopen Bline; x2 Google-factor, 80/20 NL/BE [Inschatting]",koop,2,Final URL op zoekwoordniveau: /products/leeskussen-grijs
Kleuren,02 Generiek | Kleuren,leeskussen zwart,Woordgroep,30,10,"bol aug-sep 2026: 7 zoekopdrachten op 2 dagen (~20/mnd NL+BE), 0 kliks/0 aankopen Bline; x2 Google-factor, 80/20 NL/BE [Inschatting]",koop,2,Final URL op zoekwoordniveau: /products/leeskussen-zwart
Kleuren,02 Generiek | Kleuren,leeskussen antraciet,Woordgroep,20,10,Google-autocomplete NL 07-10-2026 (komt voor in suggesties); volume [Inschatting] t.o.v. verwante bol-term,koop,3,Kleurnaam die mensen gebruiken; landt op /products/leeskussen-grijs. Alleen als de kleur echt zo oogt.
Kleuren,02 Generiek | Kleuren,leeskussen zand,Woordgroep,10,10,[Inschatting] geen bol- of autocomplete-signaal; afgeleid van verwante termen,koop,3,Kleurnaam die mensen gebruiken; landt op /products/leeskussen-beige. Alleen als de kleur echt zo oogt.
Kleuren,02 Generiek | Kleuren,leeskussen donkerblauw,Woordgroep,10,10,[Inschatting] geen bol- of autocomplete-signaal; afgeleid van verwante termen,koop,3,Kleurnaam die mensen gebruiken; landt op /products/leeskussen-blauw. Alleen als de kleur echt zo oogt.
Kleuren,02 Generiek | Kleuren,leeskussen creme,Woordgroep,10,10,[Inschatting] geen bol- of autocomplete-signaal; afgeleid van verwante termen,koop,3,Kleurnaam die mensen gebruiken; landt op /products/leeskussen-wit. Alleen als de kleur echt zo oogt.
Kleuren,02 Generiek | Kleuren,rugkussen bed wit,Woordgroep,10,10,[Inschatting] geen bol- of autocomplete-signaal; afgeleid van verwante termen,koop,3,
Kleuren,02 Generiek | Kleuren,rugkussen bed beige,Woordgroep,10,10,"bol aug-sep 2026: 6 zoekopdrachten op 1 dagen (~24/mnd NL+BE), 0 kliks/0 aankopen Bline; x3 Google-factor, 80/20 NL/BE [Inschatting]",koop,3,
Kleuren,02 Generiek | Kleuren,rugkussen bed grijs,Woordgroep,10,10,[Inschatting] geen bol- of autocomplete-signaal; afgeleid van verwante termen,koop,3,
Kleuren,02 Generiek | Kleuren,rugkussen bed zwart,Woordgroep,10,10,Google-autocomplete NL 07-10-2026 (komt voor in suggesties); volume [Inschatting] t.o.v. verwante bol-term,koop,3,
Kleuren,02 Generiek | Kleuren,rugkussen bed blauw,Woordgroep,10,10,[Inschatting] geen bol- of autocomplete-signaal; afgeleid van verwante termen,koop,3,
Kleuren,02 Generiek | Kleuren,wit leeskussen,Exact,10,10,[Inschatting] geen bol- of autocomplete-signaal; afgeleid van verwante termen,koop,3,Omgekeerde volgorde; exact vangt ook 'leeskussen wit'
Kleuren,02 Generiek | Kleuren,beige leeskussen,Exact,10,10,[Inschatting] geen bol- of autocomplete-signaal; afgeleid van verwante termen,koop,3,Omgekeerde volgorde; exact vangt ook 'leeskussen beige'
Kleuren,02 Generiek | Kleuren,blauw leeskussen,Exact,10,10,[Inschatting] geen bol- of autocomplete-signaal; afgeleid van verwante termen,koop,3,Omgekeerde volgorde; exact vangt ook 'leeskussen blauw'
Kleuren,02 Generiek | Kleuren,grijs leeskussen,Exact,10,10,[Inschatting] geen bol- of autocomplete-signaal; afgeleid van verwante termen,koop,3,Omgekeerde volgorde; exact vangt ook 'leeskussen grijs'
Kleuren,02 Generiek | Kleuren,zwart leeskussen,Exact,10,10,[Inschatting] geen bol- of autocomplete-signaal; afgeleid van verwante termen,koop,3,Omgekeerde volgorde; exact vangt ook 'leeskussen zwart'
Bookseat en wigkussen,02 Generiek | Bookseat en wigkussen,bookseat,Exact,320,90,"bol aug-sep 2026: 203 zoekopdrachten op 15 dagen (~208/mnd NL+BE), 2 kliks/0 aankopen Bline; x2 Google-factor, 80/20 NL/BE [Inschatting]",koop,3,"'The Bookseat' is een boekensteun-merk; op bol 221 vertoningen, 2 kliks, 0 aankopen. Merknaam niet in advertentietekst. Shopping dekt dit."
Bookseat en wigkussen,02 Generiek | Bookseat en wigkussen,book seat,Exact,30,10,"bol aug-sep 2026: 7 zoekopdrachten op 2 dagen (~20/mnd NL+BE), 0 kliks/0 aankopen Bline; x2 Google-factor, 80/20 NL/BE [Inschatting]",koop,3,Op Google vooral treinen/vliegtuigstoelen ('book seat'): niet bieden in Search
Bookseat en wigkussen,02 Generiek | Bookseat en wigkussen,bookseat leeskussen,Woordgroep,10,10,[Inschatting] geen bol- of autocomplete-signaal; afgeleid van verwante termen,koop,3,
Bookseat en wigkussen,02 Generiek | Bookseat en wigkussen,boekkussen,Exact,30,10,Google-autocomplete NL 07-10-2026 (komt voor in suggesties); volume [Inschatting] t.o.v. verwante bol-term (alleen 'boekkussen' en 'boekkussen maken'),koop,3,Klein; stond al in opzet
Bookseat en wigkussen,02 Generiek | Bookseat en wigkussen,wigkussen voor in bed,Exact,50,10,Google-autocomplete NL 07-10-2026 (komt voor in suggesties); volume [Inschatting] t.o.v. verwante bol-term,koop,3,"Wigkussen-zoekers zijn vaak op zoek naar slapen met hoofd omhoog (reflux, snurken); Bline is om te zitten. Alleen exact, na conversiedata."
Bookseat en wigkussen,02 Generiek | Bookseat en wigkussen,wigkussen bed,Exact,590,140,"Google-autocomplete NL 07-10-2026 (komt voor in suggesties); volume [Inschatting] t.o.v. verwante bol-term (relevantie 1050, top onder 'wigkussen')",koop,3,"Groot maar gemengd (reflux, benen, onder matras). Fase 3 test, met alle medische uitsluitingen."
Bookseat en wigkussen,02 Generiek | Bookseat en wigkussen,wigkussen rug,Woordgroep,30,10,Google-autocomplete NL 07-10-2026 (komt voor in suggesties); volume [Inschatting] t.o.v. verwante bol-term,koop,3,
Bookseat en wigkussen,02 Generiek | Bookseat en wigkussen,wigkussen bank,Woordgroep,20,10,Google-autocomplete NL 07-10-2026 (komt voor in suggesties); volume [Inschatting] t.o.v. verwante bol-term,koop,3,
Bookseat en wigkussen,02 Generiek | Bookseat en wigkussen,wigkussen,Niet bieden,1600,390,"Google-autocomplete NL 07-10-2026 (komt voor in suggesties); volume [Inschatting] t.o.v. verwante bol-term (156 suggesties, overwegend medisch/auto)",oriëntatie,3,"Te breed (auto, stoel, stuitje, reflux, baby)"
Hoes,02 Generiek | Hoes (alleen voor Bline),leeskussen hoes,Exact,140,30,Google-autocomplete NL 07-10-2026 (komt voor in suggesties); volume [Inschatting] t.o.v. verwante bol-term (relevantie 1250 onder 'leeskussen h'); bol 'leeskussen hoes' 18 met 3 kliks,koop,3,"Wie een hoes zoekt heeft meestal al een ander kussen (Ten Cate, Happybed). Bline-hoes past alleen op Bline (65 x 50 x 45). Pas bieden met tekst 'past op het Bline leeskussen'; concurrent-hoezen uitsluiten."
Hoes,02 Generiek | Hoes (alleen voor Bline),hoes leeskussen,Exact,30,10,"bol aug-sep 2026: 7 zoekopdrachten op 3 dagen (~16/mnd NL+BE), 2 kliks/0 aankopen Bline; x2 Google-factor, 80/20 NL/BE [Inschatting]",koop,3,Idem
Hoes,02 Generiek | Hoes (alleen voor Bline),hoes voor leeskussen,Exact,50,10,Google-autocomplete NL 07-10-2026 (komt voor in suggesties); volume [Inschatting] t.o.v. verwante bol-term,koop,3,Idem
Hoes,02 Generiek | Hoes (alleen voor Bline),leeskussen sloop,Exact,30,10,Google-autocomplete NL 07-10-2026 (komt voor in suggesties); volume [Inschatting] t.o.v. verwante bol-term,koop,3,Idem
Hoes,02 Generiek | Hoes (alleen voor Bline),leeskussen overtrek,Exact,20,10,Google-autocomplete NL 07-10-2026 (komt voor in suggesties); volume [Inschatting] t.o.v. verwante bol-term,koop,3,Idem
Hoes,02 Generiek | Hoes (alleen voor Bline),kussensloop leeskussen,Exact,30,10,Google-autocomplete NL 07-10-2026 (komt voor in suggesties); volume [Inschatting] t.o.v. verwante bol-term,koop,3,Idem; 'kussensloop' los blijft uitgesloten
Cadeau (seizoen 13 nov - 21 dec),03 Cadeau | Cadeau voor lezers,cadeau voor boekenliefhebber,Woordgroep,480,110,Google-autocomplete NL 07-10-2026 (komt voor in suggesties); volume [Inschatting] t.o.v. verwante bol-term (8 varianten),oriëntatie,2,Jaargemiddelde; nov-dec x2-3 [Inschatting]. Eigen campagne met budgetplafond.
Cadeau (seizoen 13 nov - 21 dec),03 Cadeau | Cadeau voor lezers,cadeau boekenliefhebber,Woordgroep,590,140,Google-autocomplete NL 07-10-2026 (komt voor in suggesties); volume [Inschatting] t.o.v. verwante bol-term,oriëntatie,2,
Cadeau (seizoen 13 nov - 21 dec),03 Cadeau | Cadeau voor lezers,origineel cadeau boekenliefhebber,Woordgroep,140,30,Google-autocomplete NL 07-10-2026 (komt voor in suggesties); volume [Inschatting] t.o.v. verwante bol-term,oriëntatie,2,
Cadeau (seizoen 13 nov - 21 dec),03 Cadeau | Cadeau voor lezers,leuk cadeau voor boekenliefhebber,Woordgroep,90,20,Google-autocomplete NL 07-10-2026 (komt voor in suggesties); volume [Inschatting] t.o.v. verwante bol-term,oriëntatie,2,
Cadeau (seizoen 13 nov - 21 dec),03 Cadeau | Cadeau voor lezers,cadeau idee boekenliefhebber,Woordgroep,70,20,Google-autocomplete NL 07-10-2026 (komt voor in suggesties); volume [Inschatting] t.o.v. verwante bol-term,oriëntatie,2,
Cadeau (seizoen 13 nov - 21 dec),03 Cadeau | Cadeau voor lezers,cadeau voor lezer,Woordgroep,90,20,Google-autocomplete NL 07-10-2026 (komt voor in suggesties); volume [Inschatting] t.o.v. verwante bol-term,oriëntatie,2,
Cadeau (seizoen 13 nov - 21 dec),03 Cadeau | Cadeau voor lezers,cadeau voor lezers,Woordgroep,70,20,Google-autocomplete NL 07-10-2026 (komt voor in suggesties); volume [Inschatting] t.o.v. verwante bol-term,oriëntatie,2,
Cadeau (seizoen 13 nov - 21 dec),03 Cadeau | Cadeau voor lezers,cadeau voor iemand die graag leest,Woordgroep,30,10,[Inschatting] geen bol- of autocomplete-signaal; afgeleid van verwante termen,oriëntatie,2,
Cadeau (seizoen 13 nov - 21 dec),03 Cadeau | Cadeau voor lezers,kerstcadeau boekenliefhebber,Woordgroep,50,10,[Inschatting] geen bol- of autocomplete-signaal; afgeleid van verwante termen,oriëntatie,2,Vanaf 6 dec
Cadeau (seizoen 13 nov - 21 dec),03 Cadeau | Cadeau voor lezers,sinterklaascadeau boekenliefhebber,Woordgroep,20,10,[Inschatting] geen bol- of autocomplete-signaal; afgeleid van verwante termen,oriëntatie,2,Tot 4 dec; alleen NL
Cadeau (seizoen 13 nov - 21 dec),03 Cadeau | Cadeau voor lezers,leeskussen cadeau,Woordgroep,20,10,[Inschatting] geen bol- of autocomplete-signaal; afgeleid van verwante termen,koop,2,
Cadeau (seizoen 13 nov - 21 dec),03 Cadeau | Cadeau voor lezers,cadeau voor moeder die graag leest,Woordgroep,10,10,Google-autocomplete NL 07-10-2026 (komt voor in suggesties); volume [Inschatting] t.o.v. verwante bol-term ('cadeau moeder boek'),oriëntatie,3,Combinatie moeder + lezen; 'cadeau moeder' los is te breed
Cadeau (seizoen 13 nov - 21 dec),03 Cadeau | Cadeau voor lezers,cadeau oma die graag leest,Woordgroep,10,10,Google-autocomplete NL 07-10-2026 (komt voor in suggesties); volume [Inschatting] t.o.v. verwante bol-term ('cadeau oma boek'),oriëntatie,3,Idem voor ouderen; geen zorg- of leeftijdsclaims in tekst
Cadeau (seizoen 13 nov - 21 dec),03 Cadeau | Cadeau voor lezers,cadeau moeder,Niet bieden,2400,590,[Inschatting] geen bol- of autocomplete-signaal; afgeleid van verwante termen,oriëntatie,3,Te breed voor €12/dag
Cadeau (seizoen 13 nov - 21 dec),03 Cadeau | Cadeau voor lezers,cadeau ouderen,Niet bieden,390,90,[Inschatting] geen bol- of autocomplete-signaal; afgeleid van verwante termen,oriëntatie,3,Te breed; trekt ook zorg-/hulpmiddelen
"Frans (BE, pas na Franse pagina)",04 BE-FR | Coussin de lecture,coussin de lecture,Exact + woordgroep,0,260,Google-autocomplete BE-fr 07-10-2026; bol 'coussin de lecture' ~40-110/mnd; volume [Inschatting],koop,3,"Pas met Franse productpagina en Franse feed. bol: 51 vertoningen, 1 klik."
"Frans (BE, pas na Franse pagina)",04 BE-FR | Coussin de lecture,coussin de lecture lit,Woordgroep,0,90,Google-autocomplete BE-fr 07-10-2026; bol 'coussin de lecture' ~40-110/mnd; volume [Inschatting],koop,3,
"Frans (BE, pas na Franse pagina)",04 BE-FR | Coussin de lecture,coussin lecture lit,Woordgroep,0,70,Google-autocomplete BE-fr 07-10-2026; bol 'coussin de lecture' ~40-110/mnd; volume [Inschatting],koop,3,Nr. 1 onder 'coussin lecture'
"Frans (BE, pas na Franse pagina)",04 BE-FR | Coussin de lecture,coussin de lecture au lit,Woordgroep,0,50,Google-autocomplete BE-fr 07-10-2026; bol 'coussin de lecture' ~40-110/mnd; volume [Inschatting],koop,3,Nr. 1 onder 'coussin de lecture'
"Frans (BE, pas na Franse pagina)",04 BE-FR | Coussin de lecture,coussin de lecture pour lit,Woordgroep,0,70,Google-autocomplete BE-fr 07-10-2026; bol 'coussin de lecture' ~40-110/mnd; volume [Inschatting],koop,3,
"Frans (BE, pas na Franse pagina)",04 BE-FR | Coussin de lecture,coussin de lecture adulte,Woordgroep,0,50,Google-autocomplete BE-fr 07-10-2026; bol 'coussin de lecture' ~40-110/mnd; volume [Inschatting],koop,3,
"Frans (BE, pas na Franse pagina)",04 BE-FR | Coussin de lecture,coussin lecture lit adulte,Woordgroep,0,30,Google-autocomplete BE-fr 07-10-2026; bol 'coussin de lecture' ~40-110/mnd; volume [Inschatting],koop,3,
"Frans (BE, pas na Franse pagina)",04 BE-FR | Coussin de lecture,coussin de lecture canapé,Woordgroep,0,30,Google-autocomplete BE-fr 07-10-2026; bol 'coussin de lecture' ~40-110/mnd; volume [Inschatting],koop,3,
"Frans (BE, pas na Franse pagina)",04 BE-FR | Coussin de lecture,coussin de lecture pour lit ou canapé,Woordgroep,0,20,Google-autocomplete BE-fr 07-10-2026; bol 'coussin de lecture' ~40-110/mnd; volume [Inschatting],koop,3,
"Frans (BE, pas na Franse pagina)",04 BE-FR | Coussin de lecture,oreiller de lecture,Woordgroep,0,50,Google-autocomplete BE-fr 07-10-2026; bol 'coussin de lecture' ~40-110/mnd; volume [Inschatting],koop,3,
"Frans (BE, pas na Franse pagina)",04 BE-FR | Coussin de lecture,coussin pour lire au lit,Woordgroep,0,30,Google-autocomplete BE-fr 07-10-2026; bol 'coussin de lecture' ~40-110/mnd; volume [Inschatting],koop,3,
"Frans (BE, pas na Franse pagina)",04 BE-FR | Coussin de lecture,coussin triangulaire lit,Woordgroep,0,30,Google-autocomplete BE-fr 07-10-2026; bol 'coussin de lecture' ~40-110/mnd; volume [Inschatting],koop,3,
"Frans (BE, pas na Franse pagina)",04 BE-FR | Coussin de lecture,coussin dos lecture lit,Woordgroep,0,20,Google-autocomplete BE-fr 07-10-2026; bol 'coussin de lecture' ~40-110/mnd; volume [Inschatting],koop,3,
"Frans (BE, pas na Franse pagina)",04 BE-FR | Coussin de lecture,coussin de lecture ergonomique,Exact,0,50,Google-autocomplete BE-fr 07-10-2026; bol 'coussin de lecture' ~40-110/mnd; volume [Inschatting],koop,3,Alleen exact; 'ergonomique' nooit in tekst
"Frans (BE, pas na Franse pagina)",04 BE-FR | Coussin dossier lit,coussin dossier lit,Woordgroep,0,90,Google-autocomplete BE-fr 07-10-2026; bol 'coussin de lecture' ~40-110/mnd; volume [Inschatting],koop,3,Ook hoofdbordkussens (tête de lit); zoektermen nalopen
"Frans (BE, pas na Franse pagina)",04 BE-FR | Coussin dossier lit,dossier de lit coussin,Woordgroep,0,20,Google-autocomplete BE-fr 07-10-2026; bol 'coussin de lecture' ~40-110/mnd; volume [Inschatting],koop,3,
"Frans (BE, pas na Franse pagina)",04 BE-FR | Coussin dossier lit,housse coussin de lecture,Exact,0,10,Google-autocomplete BE-fr 07-10-2026; bol 'coussin de lecture' ~40-110/mnd; volume [Inschatting],koop,3,Alleen met Franse hoes-pagina
Concurrenten en winkels (niet bieden),x niet bieden (uitsluiten in Search Generiek),ella leeskussen,Niet bieden,260,70,Google-autocomplete NL 07-10-2026 (komt voor in suggesties); volume [Inschatting] t.o.v. verwante bol-term,navigatie,3,"Nr. 1 op bol (€45,99, 164 reviews). Bline is €20-35 duurder; lage Kwaliteitsscore op andermans merk. Shopping mag er wel op verschijnen."
Concurrenten en winkels (niet bieden),x niet bieden (uitsluiten in Search Generiek),ella sleeps leeskussen,Niet bieden,50,10,Google-autocomplete NL 07-10-2026 (komt voor in suggesties); volume [Inschatting] t.o.v. verwante bol-term,navigatie,3,
Concurrenten en winkels (niet bieden),x niet bieden (uitsluiten in Search Generiek),ten cate leeskussen,Niet bieden,320,40,Google-autocomplete NL 07-10-2026 (komt voor in suggesties); volume [Inschatting] t.o.v. verwante bol-term,navigatie,3,Ten Cate-hoezen passen niet op Bline; ook hoes-zoekopdrachten van Ten Cate-bezitters
Concurrenten en winkels (niet bieden),x niet bieden (uitsluiten in Search Generiek),q living leeskussen,Niet bieden,70,20,Google-autocomplete NL 07-10-2026 (komt voor in suggesties); volume [Inschatting] t.o.v. verwante bol-term,navigatie,3,
Concurrenten en winkels (niet bieden),x niet bieden (uitsluiten in Search Generiek),cozysense leeskussen,Niet bieden,50,10,Google-autocomplete NL 07-10-2026 (komt voor in suggesties); volume [Inschatting] t.o.v. verwante bol-term,navigatie,3,
Concurrenten en winkels (niet bieden),x niet bieden (uitsluiten in Search Generiek),ducky dons leeskussen,Niet bieden,30,10,Google-autocomplete NL 07-10-2026 (komt voor in suggesties); volume [Inschatting] t.o.v. verwante bol-term,navigatie,3,
Concurrenten en winkels (niet bieden),x niet bieden (uitsluiten in Search Generiek),happybed leeskussen,Niet bieden,30,10,Google-autocomplete NL 07-10-2026 (komt voor in suggesties); volume [Inschatting] t.o.v. verwante bol-term,navigatie,3,
Concurrenten en winkels (niet bieden),x niet bieden (uitsluiten in Search Generiek),homca leeskussen,Niet bieden,20,10,Google-autocomplete NL 07-10-2026 (komt voor in suggesties); volume [Inschatting] t.o.v. verwante bol-term,navigatie,3,
Concurrenten en winkels (niet bieden),x niet bieden (uitsluiten in Search Generiek),best life leeskussen,Niet bieden,20,10,Google-autocomplete NL 07-10-2026 (komt voor in suggesties); volume [Inschatting] t.o.v. verwante bol-term,navigatie,3,
Concurrenten en winkels (niet bieden),x niet bieden (uitsluiten in Search Generiek),eloneo leeskussen,Niet bieden,20,10,Google-autocomplete NL 07-10-2026 (komt voor in suggesties); volume [Inschatting] t.o.v. verwante bol-term,navigatie,3,
Concurrenten en winkels (niet bieden),x niet bieden (uitsluiten in Search Generiek),sleepy lounge luxe leeskussen,Niet bieden,20,10,Google-autocomplete NL 07-10-2026 (komt voor in suggesties); volume [Inschatting] t.o.v. verwante bol-term,navigatie,3,
Concurrenten en winkels (niet bieden),x niet bieden (uitsluiten in Search Generiek),ikea leeskussen,Niet bieden,480,140,Google-autocomplete NL 07-10-2026 (komt voor in suggesties); volume [Inschatting] t.o.v. verwante bol-term (relevantie 900-950 voor ikea/action),navigatie,3,"Winkelzoekopdracht, goedkoop; uitsluiten in alle campagnes"
Concurrenten en winkels (niet bieden),x niet bieden (uitsluiten in Search Generiek),action leeskussen,Niet bieden,390,90,Google-autocomplete NL 07-10-2026 (komt voor in suggesties); volume [Inschatting] t.o.v. verwante bol-term (relevantie 900-950 voor ikea/action),navigatie,3,Idem
Concurrenten en winkels (niet bieden),x niet bieden (uitsluiten in Search Generiek),lidl leeskussen,Niet bieden,260,70,Google-autocomplete NL 07-10-2026 (komt voor in suggesties); volume [Inschatting] t.o.v. verwante bol-term,navigatie,3,Idem; piekt bij folderactie
Concurrenten en winkels (niet bieden),x niet bieden (uitsluiten in Search Generiek),kwantum leeskussen,Niet bieden,70,10,Google-autocomplete NL 07-10-2026 (komt voor in suggesties); volume [Inschatting] t.o.v. verwante bol-term,navigatie,3,Idem
Concurrenten en winkels (niet bieden),x niet bieden (uitsluiten in Search Generiek),hema leeskussen,Niet bieden,50,10,Google-autocomplete NL 07-10-2026 (komt voor in suggesties); volume [Inschatting] t.o.v. verwante bol-term,navigatie,3,Idem
Concurrenten en winkels (niet bieden),x niet bieden (uitsluiten in Search Generiek),leenbakker leeskussen,Niet bieden,50,20,Google-autocomplete NL 07-10-2026 (komt voor in suggesties); volume [Inschatting] t.o.v. verwante bol-term,navigatie,3,Idem
Concurrenten en winkels (niet bieden),x niet bieden (uitsluiten in Search Generiek),beter bed leeskussen,Niet bieden,50,10,Google-autocomplete NL 07-10-2026 (komt voor in suggesties); volume [Inschatting] t.o.v. verwante bol-term,navigatie,3,Idem
Concurrenten en winkels (niet bieden),x niet bieden (uitsluiten in Search Generiek),jysk rugkussen bed,Niet bieden,50,20,Google-autocomplete NL 07-10-2026 (komt voor in suggesties); volume [Inschatting] t.o.v. verwante bol-term,navigatie,3,Idem
Concurrenten en winkels (niet bieden),x niet bieden (uitsluiten in Search Generiek),leeskussen bol com,Niet bieden,90,20,Google-autocomplete NL 07-10-2026 (komt voor in suggesties); volume [Inschatting] t.o.v. verwante bol-term,navigatie,3,Bline staat zelf op bol; zoeker wil daar kopen. Uitsluiten in Google.
"Zwanger, zorg en medisch (uitsluiten)",x uitsluiten (medisch of zorg),rugkussen zwangerschap,Uitsluiten,50,10,Google-autocomplete NL 07-10-2026 (komt voor in suggesties); volume [Inschatting] t.o.v. verwante bol-term,n.v.t.,n.v.t.,"Zwangerschap is geen medische claim op zich, maar de zoeker verwacht geschiktheid voor zwangerschap; dat kan Bline niet onderbouwen. Uitsluiten."
"Zwanger, zorg en medisch (uitsluiten)",x uitsluiten (medisch of zorg),rugsteun bed zwanger,Uitsluiten,20,10,Google-autocomplete NL 07-10-2026 (komt voor in suggesties); volume [Inschatting] t.o.v. verwante bol-term,n.v.t.,n.v.t.,Idem
"Zwanger, zorg en medisch (uitsluiten)",x uitsluiten (medisch of zorg),rugsteun bed na bevalling,Uitsluiten,30,10,Google-autocomplete NL 07-10-2026 (komt voor in suggesties); volume [Inschatting] t.o.v. verwante bol-term,n.v.t.,n.v.t.,Kraamzorg/herstel = gezondheidscontext; uitsluiten
"Zwanger, zorg en medisch (uitsluiten)",x uitsluiten (medisch of zorg),rugsteun bed kraamweek,Uitsluiten,20,10,Google-autocomplete NL 07-10-2026 (komt voor in suggesties); volume [Inschatting] t.o.v. verwante bol-term,n.v.t.,n.v.t.,Idem
"Zwanger, zorg en medisch (uitsluiten)",x uitsluiten (medisch of zorg),rugkussen borstvoeding,Uitsluiten,30,10,Google-autocomplete NL 07-10-2026 (komt voor in suggesties); volume [Inschatting] t.o.v. verwante bol-term,n.v.t.,n.v.t.,Ander product (voedingskussen)
"Zwanger, zorg en medisch (uitsluiten)",x uitsluiten (medisch of zorg),rugkussen na operatie,Uitsluiten,20,10,Google-autocomplete NL 07-10-2026 (komt voor in suggesties); volume [Inschatting] t.o.v. verwante bol-term,n.v.t.,n.v.t.,Herstel na operatie impliceert medische geschiktheid; uitsluiten
"Zwanger, zorg en medisch (uitsluiten)",x uitsluiten (medisch of zorg),wigkussen na operatie,Uitsluiten,30,10,Google-autocomplete NL 07-10-2026 (komt voor in suggesties); volume [Inschatting] t.o.v. verwante bol-term,n.v.t.,n.v.t.,Idem
"Zwanger, zorg en medisch (uitsluiten)",x uitsluiten (medisch of zorg),wigkussen reflux,Uitsluiten,140,30,Google-autocomplete NL 07-10-2026 (komt voor in suggesties); volume [Inschatting] t.o.v. verwante bol-term,n.v.t.,n.v.t.,Medisch; Bline is niet om op te slapen
"Zwanger, zorg en medisch (uitsluiten)",x uitsluiten (medisch of zorg),kussen om rechtop te slapen,Uitsluiten,90,20,Google-autocomplete NL 07-10-2026 (komt voor in suggesties); volume [Inschatting] t.o.v. verwante bol-term,n.v.t.,n.v.t.,Slapen met hoofd omhoog is vaak medisch; Bline is om te zitten
"Zwanger, zorg en medisch (uitsluiten)",x uitsluiten (medisch of zorg),rugkussen rugpijn,Uitsluiten,30,10,Google-autocomplete NL 07-10-2026 (komt voor in suggesties); volume [Inschatting] t.o.v. verwante bol-term,n.v.t.,n.v.t.,Medische claim nodig om relevant te zijn; uitsluiten
"Zwanger, zorg en medisch (uitsluiten)",x uitsluiten (medisch of zorg),rugkussen hernia,Uitsluiten,20,10,Google-autocomplete NL 07-10-2026 (komt voor in suggesties); volume [Inschatting] t.o.v. verwante bol-term,n.v.t.,n.v.t.,Idem
"Zwanger, zorg en medisch (uitsluiten)",x uitsluiten (medisch of zorg),orthopedisch leeskussen,Uitsluiten,20,10,Google-autocomplete NL 07-10-2026 (komt voor in suggesties); volume [Inschatting] t.o.v. verwante bol-term,n.v.t.,n.v.t.,Idem
"Zwanger, zorg en medisch (uitsluiten)",x uitsluiten (medisch of zorg),rugsteun bed huren,Uitsluiten,50,10,Google-autocomplete NL 07-10-2026 (komt voor in suggesties); volume [Inschatting] t.o.v. verwante bol-term,n.v.t.,n.v.t.,"Zorg-uitleen (thuiszorgwinkel, Medipoint)"
"Zwanger, zorg en medisch (uitsluiten)",x uitsluiten (medisch of zorg),rugsteun bed medipoint,Uitsluiten,50,10,Google-autocomplete NL 07-10-2026 (komt voor in suggesties); volume [Inschatting] t.o.v. verwante bol-term,n.v.t.,n.v.t.,Idem
"Zwanger, zorg en medisch (uitsluiten)",x uitsluiten (medisch of zorg),rugsteun bed verstelbaar,Uitsluiten,30,10,Google-autocomplete NL 07-10-2026 (komt voor in suggesties); volume [Inschatting] t.o.v. verwante bol-term,n.v.t.,n.v.t.,"Ander product (verstelbaar frame, €85-400)"
"Zwanger, zorg en medisch (uitsluiten)",x uitsluiten (medisch of zorg),rugsteun bed elektrisch,Uitsluiten,30,10,Google-autocomplete NL 07-10-2026 (komt voor in suggesties); volume [Inschatting] t.o.v. verwante bol-term,n.v.t.,n.v.t.,Idem
