Campaign,Callout text
00 Search | Merk | NL+BE,Gratis verzending NL/BE
00 Search | Merk | NL+BE,30 dagen proberen
00 Search | Merk | NL+BE,In 1-2 werkdagen in huis
00 Search | Merk | NL+BE,"Koel katoen, geen fluweel"
00 Search | Merk | NL+BE,"Hoes eraf, in de was"
00 Search | Merk | NL+BE,Hoes wasbaar op 30 °C
00 Search | Merk | NL+BE,"3,8 kg traagschuim"
00 Search | Merk | NL+BE,Vak voor je telefoon
00 Search | Merk | NL+BE,Katoen 400 TC met rits
00 Search | Merk | NL+BE,Geen armleuningen
00 Search | Merk | NL+BE,Losse hoezen per kleur
00 Search | Merk | NL+BE,Betaal met iDEAL
00 Search | Merk | NL+BE,Bancontact voor België
00 Search | Merk | NL+BE,Nederlands merk
00 Search | Merk | NL+BE,Echte klantenservice
02 Search | Generiek | NL+BE,Gratis verzending NL/BE
02 Search | Generiek | NL+BE,30 dagen proberen
02 Search | Generiek | NL+BE,In 1-2 werkdagen in huis
02 Search | Generiek | NL+BE,"Koel katoen, geen fluweel"
02 Search | Generiek | NL+BE,"Hoes eraf, in de was"
02 Search | Generiek | NL+BE,Hoes wasbaar op 30 °C
02 Search | Generiek | NL+BE,"3,8 kg traagschuim"
02 Search | Generiek | NL+BE,Vak voor je telefoon
02 Search | Generiek | NL+BE,Katoen 400 TC met rits
02 Search | Generiek | NL+BE,Geen armleuningen
02 Search | Generiek | NL+BE,Losse hoezen per kleur
02 Search | Generiek | NL+BE,Betaal met iDEAL
02 Search | Generiek | NL+BE,Bancontact voor België
02 Search | Generiek | NL+BE,Nederlands merk
02 Search | Generiek | NL+BE,Echte klantenservice
03 Search | Cadeau | NL+BE,Gratis verzending NL/BE
03 Search | Cadeau | NL+BE,30 dagen proberen
03 Search | Cadeau | NL+BE,In 1-2 werkdagen in huis
03 Search | Cadeau | NL+BE,"Koel katoen, geen fluweel"
03 Search | Cadeau | NL+BE,"Hoes eraf, in de was"
03 Search | Cadeau | NL+BE,Hoes wasbaar op 30 °C
03 Search | Cadeau | NL+BE,"3,8 kg traagschuim"
03 Search | Cadeau | NL+BE,Vak voor je telefoon
03 Search | Cadeau | NL+BE,Katoen 400 TC met rits
03 Search | Cadeau | NL+BE,Geen armleuningen
03 Search | Cadeau | NL+BE,Losse hoezen per kleur
03 Search | Cadeau | NL+BE,Betaal met iDEAL
03 Search | Cadeau | NL+BE,Bancontact voor België
03 Search | Cadeau | NL+BE,Nederlands merk
03 Search | Cadeau | NL+BE,Echte klantenservice
