Campaign,Type,Language,Currency,Price qualifier,Header,Description,Price,Unit,Final URL
00 Search | Merk | NL+BE,Products,nl,EUR,None,Leeskussen beige,Met vak voor je telefoon,79.99,None,https://www.blinesleep.nl/products/leeskussen-beige
00 Search | Merk | NL+BE,Products,nl,EUR,None,Leeskussen wit,Katoenen hoes met rits,69.99,None,https://www.blinesleep.nl/products/leeskussen-wit
00 Search | Merk | NL+BE,Products,nl,EUR,None,Leeskussen blauw,"3,8 kg traagschuim",79.99,None,https://www.blinesleep.nl/products/leeskussen-blauw
00 Search | Merk | NL+BE,Products,nl,EUR,None,Leeskussen grijs,Hoes wasbaar op 30 °C,79.99,None,https://www.blinesleep.nl/products/leeskussen-grijs
00 Search | Merk | NL+BE,Products,nl,EUR,None,Leeskussen zwart,"Koel katoen, geen fluweel",79.99,None,https://www.blinesleep.nl/products/leeskussen-zwart
00 Search | Merk | NL+BE,Products,nl,EUR,None,Losse hoes wit,"Katoen 400 TC, met rits",29.99,None,https://www.blinesleep.nl/products/hoes-wit
00 Search | Merk | NL+BE,Products,nl,EUR,None,Losse hoes in kleur,"Beige, blauw, grijs, zwart",34.99,None,https://www.blinesleep.nl/products/hoes-beige
02 Search | Generiek | NL+BE,Products,nl,EUR,None,Leeskussen beige,Met vak voor je telefoon,79.99,None,https://www.blinesleep.nl/products/leeskussen-beige
02 Search | Generiek | NL+BE,Products,nl,EUR,None,Leeskussen wit,Katoenen hoes met rits,69.99,None,https://www.blinesleep.nl/products/leeskussen-wit
02 Search | Generiek | NL+BE,Products,nl,EUR,None,Leeskussen blauw,"3,8 kg traagschuim",79.99,None,https://www.blinesleep.nl/products/leeskussen-blauw
02 Search | Generiek | NL+BE,Products,nl,EUR,None,Leeskussen grijs,Hoes wasbaar op 30 °C,79.99,None,https://www.blinesleep.nl/products/leeskussen-grijs
02 Search | Generiek | NL+BE,Products,nl,EUR,None,Leeskussen zwart,"Koel katoen, geen fluweel",79.99,None,https://www.blinesleep.nl/products/leeskussen-zwart
02 Search | Generiek | NL+BE,Products,nl,EUR,None,Losse hoes wit,"Katoen 400 TC, met rits",29.99,None,https://www.blinesleep.nl/products/hoes-wit
02 Search | Generiek | NL+BE,Products,nl,EUR,None,Losse hoes in kleur,"Beige, blauw, grijs, zwart",34.99,None,https://www.blinesleep.nl/products/hoes-beige
03 Search | Cadeau | NL+BE,Products,nl,EUR,None,Leeskussen beige,Met vak voor je telefoon,79.99,None,https://www.blinesleep.nl/products/leeskussen-beige
03 Search | Cadeau | NL+BE,Products,nl,EUR,None,Leeskussen wit,Katoenen hoes met rits,69.99,None,https://www.blinesleep.nl/products/leeskussen-wit
03 Search | Cadeau | NL+BE,Products,nl,EUR,None,Leeskussen blauw,"3,8 kg traagschuim",79.99,None,https://www.blinesleep.nl/products/leeskussen-blauw
03 Search | Cadeau | NL+BE,Products,nl,EUR,None,Leeskussen grijs,Hoes wasbaar op 30 °C,79.99,None,https://www.blinesleep.nl/products/leeskussen-grijs
03 Search | Cadeau | NL+BE,Products,nl,EUR,None,Leeskussen zwart,"Koel katoen, geen fluweel",79.99,None,https://www.blinesleep.nl/products/leeskussen-zwart
03 Search | Cadeau | NL+BE,Products,nl,EUR,None,Losse hoes wit,"Katoen 400 TC, met rits",29.99,None,https://www.blinesleep.nl/products/hoes-wit
03 Search | Cadeau | NL+BE,Products,nl,EUR,None,Losse hoes in kleur,"Beige, blauw, grijs, zwart",34.99,None,https://www.blinesleep.nl/products/hoes-beige
