Type,Tekst,Beschrijving 1,Beschrijving 2,Final URL
Sitelink,Vijf kleuren,"Wit, beige, blauw, grijs, zwart",Kies je kleur op de site,https://www.blinesleep.nl/#kleuren
Sitelink,Losse hoezen,"Tweede hoes €9,99 voordeel",Bij een leeskussen,https://www.blinesleep.nl/collections/hoezen
Sitelink,Veelgestelde vragen,"Maat, wassen, levertijd",Alles op één pagina,https://www.blinesleep.nl/pages/veelgestelde-vragen
Sitelink,Over Bline,Een Nederlands merk uit Borne,Bel of app ons gerust,https://www.blinesleep.nl/pages/over-bline
Callout,Gratis verzending,,,
Callout,30 dagen proberen,,,
Callout,Hoes wasbaar op 30 °C,,,
Callout,"3,8 kg traagschuim",,,
Callout,Vak voor je telefoon,,,
Callout,Klantenservice per app,,,
Structured snippet: Stijlen,Wit; Beige; Blauw; Grijs; Zwart,,,
