Keyword,Criterion Type,Level
baby,Negative Phrase,Account (gedeelde lijst: Bline uitsluitingen)
zwangerschap,Negative Phrase,Account (gedeelde lijst: Bline uitsluitingen)
zwangerschapskussen,Negative Phrase,Account (gedeelde lijst: Bline uitsluitingen)
voedingskussen,Negative Phrase,Account (gedeelde lijst: Bline uitsluitingen)
kind,Negative Phrase,Account (gedeelde lijst: Bline uitsluitingen)
kinderen,Negative Phrase,Account (gedeelde lijst: Bline uitsluitingen)
hond,Negative Phrase,Account (gedeelde lijst: Bline uitsluitingen)
kat,Negative Phrase,Account (gedeelde lijst: Bline uitsluitingen)
auto,Negative Phrase,Account (gedeelde lijst: Bline uitsluitingen)
nekkussen,Negative Phrase,Account (gedeelde lijst: Bline uitsluitingen)
reiskussen,Negative Phrase,Account (gedeelde lijst: Bline uitsluitingen)
haken,Negative Phrase,Account (gedeelde lijst: Bline uitsluitingen)
breien,Negative Phrase,Account (gedeelde lijst: Bline uitsluitingen)
patroon,Negative Phrase,Account (gedeelde lijst: Bline uitsluitingen)
zelf maken,Negative Phrase,Account (gedeelde lijst: Bline uitsluitingen)
gratis,Negative Phrase,Account (gedeelde lijst: Bline uitsluitingen)
tweedehands,Negative Phrase,Account (gedeelde lijst: Bline uitsluitingen)
marktplaats,Negative Phrase,Account (gedeelde lijst: Bline uitsluitingen)
ikea,Negative Phrase,Account (gedeelde lijst: Bline uitsluitingen)
action,Negative Phrase,Account (gedeelde lijst: Bline uitsluitingen)
medisch,Negative Phrase,Account (gedeelde lijst: Bline uitsluitingen)
rugpijn,Negative Phrase,Account (gedeelde lijst: Bline uitsluitingen)
hernia,Negative Phrase,Account (gedeelde lijst: Bline uitsluitingen)
ziekenhuis,Negative Phrase,Account (gedeelde lijst: Bline uitsluitingen)
wigkussen been,Negative Phrase,Account (gedeelde lijst: Bline uitsluitingen)
beenkussen,Negative Phrase,Account (gedeelde lijst: Bline uitsluitingen)
hoes maken,Negative Phrase,Account (gedeelde lijst: Bline uitsluitingen)
puzzel,Negative Phrase,Account (gedeelde lijst: Bline uitsluitingen)
puzzelmat,Negative Phrase,Account (gedeelde lijst: Bline uitsluitingen)
puzzeltafel,Negative Phrase,Account (gedeelde lijst: Bline uitsluitingen)
kussensloop,Negative Phrase,Account (gedeelde lijst: Bline uitsluitingen)
bank,Negative Exact,Account (gedeelde lijst: Bline uitsluitingen)
banken,Negative Exact,Account (gedeelde lijst: Bline uitsluitingen)
elektrisch,Negative Phrase,Account (gedeelde lijst: Bline uitsluitingen)
verstelbaar,Negative Phrase,Account (gedeelde lijst: Bline uitsluitingen)
