Campaign,Ad Group,Keyword,Criterion Type,Final URL
00 Search | Merk | NL+BE,Merk,bline,Phrase,
00 Search | Merk | NL+BE,Merk,bline leeskussen,Phrase,
00 Search | Merk | NL+BE,Merk,blinesleep,Phrase,
00 Search | Merk | NL+BE,Merk,bline sleep,Phrase,
00 Search | Merk | NL+BE,Merk,bline kussen,Phrase,
02 Search | Generiek | NL,Leeskussen algemeen,leeskussen,Exact,
02 Search | Generiek | NL,Leeskussen algemeen,leeskussen bed,Phrase,
02 Search | Generiek | NL,Leeskussen algemeen,leeskussen kopen,Phrase,
02 Search | Generiek | NL,Leeskussen algemeen,rugkussen bed,Phrase,
02 Search | Generiek | NL,Leeskussen algemeen,rugkussen voor in bed,Phrase,
02 Search | Generiek | NL,Leeskussen algemeen,kussen om rechtop te zitten in bed,Phrase,
02 Search | Generiek | NL,Leeskussen algemeen,leeskussen traagschuim,Phrase,
02 Search | Generiek | NL,Leeskussen algemeen,boekkussen,Exact,
02 Search | Generiek | NL,Leeskussen algemeen,bookseat,Exact,
02 Search | Generiek | NL,Leeskussen algemeen,lees kussen,Exact,
02 Search | Generiek | NL,Leeskussen algemeen,zitkussen bed rugleuning,Phrase,
02 Search | Generiek | NL,Leeskussen wit,leeskussen wit,Phrase,
02 Search | Generiek | NL,Leeskussen wit,wit leeskussen,Phrase,
02 Search | Generiek | NL,Leeskussen wit,rugkussen bed wit,Phrase,
02 Search | Generiek | NL,Leeskussen beige,leeskussen beige,Phrase,
02 Search | Generiek | NL,Leeskussen beige,beige leeskussen,Phrase,
02 Search | Generiek | NL,Leeskussen beige,rugkussen bed beige,Phrase,
02 Search | Generiek | NL,Leeskussen blauw,leeskussen blauw,Phrase,
02 Search | Generiek | NL,Leeskussen blauw,blauw leeskussen,Phrase,
02 Search | Generiek | NL,Leeskussen blauw,rugkussen bed blauw,Phrase,
02 Search | Generiek | NL,Leeskussen grijs,leeskussen grijs,Phrase,
02 Search | Generiek | NL,Leeskussen grijs,grijs leeskussen,Phrase,
02 Search | Generiek | NL,Leeskussen grijs,rugkussen bed grijs,Phrase,
02 Search | Generiek | NL,Leeskussen zwart,leeskussen zwart,Phrase,
02 Search | Generiek | NL,Leeskussen zwart,zwart leeskussen,Phrase,
02 Search | Generiek | NL,Leeskussen zwart,rugkussen bed zwart,Phrase,
