Shared set name,Keyword,Criterion Type
Bline | Algemeen,gratis,Negative Phrase
Bline | Algemeen,tweedehands,Negative Phrase
Bline | Algemeen,2e hands,Negative Phrase
Bline | Algemeen,tweede hands,Negative Phrase
Bline | Algemeen,2dehands,Negative Phrase
Bline | Algemeen,gebruikt,Negative Phrase
Bline | Algemeen,marktplaats,Negative Phrase
Bline | Algemeen,vinted,Negative Phrase
Bline | Algemeen,kringloop,Negative Phrase
Bline | Algemeen,zelf maken,Negative Phrase
Bline | Algemeen,maken,Negative Phrase
Bline | Algemeen,diy,Negative Phrase
Bline | Algemeen,patroon,Negative Phrase
Bline | Algemeen,naaipatroon,Negative Phrase
Bline | Algemeen,haken,Negative Phrase
Bline | Algemeen,gehaakt,Negative Phrase
Bline | Algemeen,breien,Negative Phrase
Bline | Algemeen,naaien,Negative Phrase
Bline | Algemeen,tutorial,Negative Phrase
Bline | Algemeen,tuto,Negative Phrase
Bline | Algemeen,handleiding,Negative Phrase
Bline | Algemeen,ikea,Negative Phrase
Bline | Algemeen,action,Negative Phrase
Bline | Algemeen,lidl,Negative Phrase
Bline | Algemeen,aldi,Negative Phrase
Bline | Algemeen,kwantum,Negative Phrase
Bline | Algemeen,hema,Negative Phrase
Bline | Algemeen,leenbakker,Negative Phrase
Bline | Algemeen,jysk,Negative Phrase
Bline | Algemeen,blokker,Negative Phrase
Bline | Algemeen,xenos,Negative Phrase
Bline | Algemeen,temu,Negative Phrase
Bline | Algemeen,aliexpress,Negative Phrase
Bline | Algemeen,shein,Negative Phrase
Bline | Algemeen,wish,Negative Phrase
Bline | Algemeen,kruidvat,Negative Phrase
Bline | Algemeen,zeeman,Negative Phrase
Bline | Algemeen,primark,Negative Phrase
Bline | Algemeen,karwei,Negative Phrase
Bline | Algemeen,hornbach,Negative Phrase
Bline | Algemeen,praxis,Negative Phrase
Bline | Algemeen,gamma,Negative Phrase
Bline | Algemeen,decathlon,Negative Phrase
Bline | Algemeen,wibra,Negative Phrase
Bline | Algemeen,beter bed,Negative Phrase
Bline | Algemeen,sleepworld,Negative Phrase
Bline | Algemeen,swiss sense,Negative Phrase
Bline | Algemeen,auping,Negative Phrase
Bline | Algemeen,bol com,Negative Phrase
Bline | Algemeen,bol.com,Negative Phrase
Bline | Algemeen,bolcom,Negative Phrase
Bline | Algemeen,amazon,Negative Phrase
Bline | Algemeen,baby,Negative Phrase
Bline | Algemeen,babies,Negative Phrase
Bline | Algemeen,kind,Negative Phrase
Bline | Algemeen,kinderen,Negative Phrase
Bline | Algemeen,kinder,Negative Phrase
Bline | Algemeen,kinderkamer,Negative Phrase
Bline | Algemeen,peuter,Negative Phrase
Bline | Algemeen,jongen,Negative Phrase
Bline | Algemeen,meisje,Negative Phrase
Bline | Algemeen,tiener,Negative Phrase
Bline | Algemeen,hond,Negative Phrase
Bline | Algemeen,honden,Negative Phrase
Bline | Algemeen,kat,Negative Phrase
Bline | Algemeen,katten,Negative Phrase
Bline | Algemeen,poes,Negative Phrase
Bline | Algemeen,huisdier,Negative Phrase
Bline | Algemeen,medisch,Negative Phrase
Bline | Algemeen,ziekenhuis,Negative Phrase
Bline | Algemeen,rugpijn,Negative Phrase
Bline | Algemeen,nekpijn,Negative Phrase
Bline | Algemeen,hernia,Negative Phrase
Bline | Algemeen,reflux,Negative Phrase
Bline | Algemeen,maagzuur,Negative Phrase
Bline | Algemeen,apneu,Negative Phrase
Bline | Algemeen,snurken,Negative Phrase
Bline | Algemeen,scoliose,Negative Phrase
Bline | Algemeen,decubitus,Negative Phrase
Bline | Algemeen,orthopedisch,Negative Phrase
Bline | Algemeen,fysio,Negative Phrase
Bline | Algemeen,fysiotherapie,Negative Phrase
Bline | Algemeen,operatie,Negative Phrase
Bline | Algemeen,revalidatie,Negative Phrase
Bline | Algemeen,thuiszorg,Negative Phrase
Bline | Algemeen,thuiszorgwinkel,Negative Phrase
Bline | Algemeen,zorgwinkel,Negative Phrase
Bline | Algemeen,medipoint,Negative Phrase
Bline | Algemeen,vegro,Negative Phrase
Bline | Algemeen,huren,Negative Phrase
Bline | Algemeen,lenen,Negative Phrase
Bline | Algemeen,uitleen,Negative Phrase
Bline | Algemeen,stuitje,Negative Phrase
Bline | Algemeen,coccyx,Negative Phrase
Bline | Algemeen,heup,Negative Phrase
Bline | Algemeen,knie,Negative Phrase
Bline | Algemeen,been,Negative Phrase
Bline | Algemeen,benen,Negative Phrase
Bline | Algemeen,voeten,Negative Phrase
Bline | Algemeen,onderrug,Negative Phrase
Bline | Algemeen,lendensteun,Negative Phrase
Bline | Algemeen,zwanger,Negative Phrase
Bline | Algemeen,zwangerschap,Negative Phrase
Bline | Algemeen,zwangerschapskussen,Negative Phrase
Bline | Algemeen,bevalling,Negative Phrase
Bline | Algemeen,kraamweek,Negative Phrase
Bline | Algemeen,kraamzorg,Negative Phrase
Bline | Algemeen,kraampakket,Negative Phrase
Bline | Algemeen,borstvoeding,Negative Phrase
Bline | Algemeen,voedingskussen,Negative Phrase
Bline | Algemeen,keizersnede,Negative Phrase
Bline | Algemeen,auto,Negative Phrase
Bline | Algemeen,autostoel,Negative Phrase
Bline | Algemeen,bureaustoel,Negative Phrase
Bline | Algemeen,kantoorstoel,Negative Phrase
Bline | Algemeen,gamestoel,Negative Phrase
Bline | Algemeen,gamingstoel,Negative Phrase
Bline | Algemeen,rolstoel,Negative Phrase
Bline | Algemeen,rollator,Negative Phrase
Bline | Algemeen,scootmobiel,Negative Phrase
Bline | Algemeen,fiets,Negative Phrase
Bline | Algemeen,motor,Negative Phrase
Bline | Algemeen,scooter,Negative Phrase
Bline | Algemeen,boot,Negative Phrase
Bline | Algemeen,camper,Negative Phrase
Bline | Algemeen,caravan,Negative Phrase
Bline | Algemeen,tuin,Negative Phrase
Bline | Algemeen,tuinbank,Negative Phrase
Bline | Algemeen,tuinstoel,Negative Phrase
Bline | Algemeen,buiten,Negative Phrase
Bline | Algemeen,loungeset,Negative Phrase
Bline | Algemeen,pallet,Negative Phrase
Bline | Algemeen,palletkussen,Negative Phrase
Bline | Algemeen,strand,Negative Phrase
Bline | Algemeen,zwembad,Negative Phrase
Bline | Algemeen,bad,Negative Phrase
Bline | Algemeen,ligbad,Negative Phrase
Bline | Algemeen,vliegtuig,Negative Phrase
Bline | Algemeen,reiskussen,Negative Phrase
Bline | Algemeen,nekkussen,Negative Phrase
Bline | Algemeen,hoofdkussen,Negative Phrase
Bline | Algemeen,dekbed,Negative Phrase
Bline | Algemeen,matras,Negative Phrase
Bline | Algemeen,kussensloop,Negative Phrase
Bline | Algemeen,kussenslopen,Negative Phrase
Bline | Algemeen,elektrisch,Negative Phrase
Bline | Algemeen,elektrische,Negative Phrase
Bline | Algemeen,verstelbaar,Negative Phrase
Bline | Algemeen,verstelbare,Negative Phrase
Bline | Algemeen,massage,Negative Phrase
Bline | Algemeen,warmte,Negative Phrase
Bline | Algemeen,infrarood,Negative Phrase
Bline | Algemeen,opblaasbaar,Negative Phrase
Bline | Algemeen,opblaasbare,Negative Phrase
Bline | Algemeen,wigkussen been,Negative Phrase
Bline | Algemeen,beenkussen,Negative Phrase
Bline | Algemeen,puzzel,Negative Phrase
Bline | Algemeen,puzzelmat,Negative Phrase
Bline | Algemeen,puzzelmap,Negative Phrase
Bline | Algemeen,puzzeltafel,Negative Phrase
Bline | Algemeen,puzzelbord,Negative Phrase
Bline | Algemeen,puzzelplank,Negative Phrase
Bline | Algemeen,puzzelplaat,Negative Phrase
Bline | Algemeen,vacature,Negative Phrase
Bline | Algemeen,vacatures,Negative Phrase
Bline | Algemeen,baan,Negative Phrase
Bline | Algemeen,banen,Negative Phrase
Bline | Algemeen,stage,Negative Phrase
Bline | Algemeen,salaris,Negative Phrase
Bline | Algemeen,wat is,Negative Phrase
Bline | Algemeen,betekenis,Negative Phrase
Bline | Algemeen,engels,Negative Phrase
Bline | Algemeen,in het engels,Negative Phrase
Bline | Algemeen,vertaling,Negative Phrase
Bline | Algemeen,duits,Negative Phrase
Bline | Algemeen,definitie,Negative Phrase
Bline | Algemeen,bank,Negative Exact
Bline | Algemeen,banken,Negative Exact
Bline | Algemeen,kussen,Negative Exact
Bline | Algemeen,kussens,Negative Exact
Bline | Algemeen,rugkussen,Negative Exact
Bline | Algemeen,rugsteun,Negative Exact
Bline | Algemeen,wigkussen,Negative Exact
Bline | Algemeen,lezen in bed,Negative Exact
Bline | Merk,bline,Negative Phrase
Bline | Merk,blinesleep,Negative Phrase
Bline | Merk,bline sleep,Negative Phrase
Bline | Merk,blin,Negative Exact
Bline | Merk,blins,Negative Exact
Bline | Concurrenten,ella,Negative Phrase
Bline | Concurrenten,ella sleeps,Negative Phrase
Bline | Concurrenten,ellasleeps,Negative Phrase
Bline | Concurrenten,q living,Negative Phrase
Bline | Concurrenten,q-living,Negative Phrase
Bline | Concurrenten,qliving,Negative Phrase
Bline | Concurrenten,ten cate,Negative Phrase
Bline | Concurrenten,tencate,Negative Phrase
Bline | Concurrenten,cozysense,Negative Phrase
Bline | Concurrenten,ducky dons,Negative Phrase
Bline | Concurrenten,happybed,Negative Phrase
Bline | Concurrenten,happy bed,Negative Phrase
Bline | Concurrenten,homca,Negative Phrase
Bline | Concurrenten,best life,Negative Phrase
Bline | Concurrenten,eloneo,Negative Phrase
Bline | Concurrenten,sleepy lounge,Negative Phrase
Bline | Concurrenten,zensation,Negative Phrase
Bline | Concurrenten,havargo,Negative Phrase
Bline | Concurrenten,vitapur,Negative Phrase
Bline | Concurrenten,milliard,Negative Phrase
Bline | Concurrenten,costway,Negative Phrase
Bline | Concurrenten,isleep,Negative Phrase
Bline | Concurrenten,sleeplife,Negative Phrase
Bline | Concurrenten,zelesta,Negative Phrase
Bline | Concurrenten,livarno,Negative Phrase
Bline | Concurrenten,icon,Negative Phrase
Bline | Concurrenten,symposium,Negative Phrase
Bline | Concurrenten,weids wonen,Negative Phrase
Bline | Concurrenten,polydaun,Negative Phrase
Bline | Concurrenten,sleeptight,Negative Phrase
Bline | Concurrenten,droomtextiel,Negative Phrase
Bline | Concurrenten,lyxus,Negative Phrase
Bline | Concurrenten,soft silky,Negative Phrase
Bline | Concurrenten,defa,Negative Phrase
Bline | Concurrenten,novamed,Negative Phrase
Bline | Concurrenten,sissel,Negative Phrase
Bline | Concurrenten,tempur,Negative Phrase
Bline | Concurrenten,dorsaback,Negative Phrase
Bline | Concurrenten,lucovitaal,Negative Phrase
Bline | Concurrenten,wellpur,Negative Phrase
Bline | Concurrenten,nira,Negative Phrase
Bline | Concurrenten,froli,Negative Phrase
Bline | Concurrenten,inventum,Negative Phrase
Bline | Concurrenten,the bookseat,Negative Phrase
Bline | Concurrenten,ergokussens,Negative Phrase
Bline | Productmismatch Search,armleuning,Negative Phrase
Bline | Productmismatch Search,armleuningen,Negative Phrase
Bline | Productmismatch Search,armsteun,Negative Phrase
Bline | Productmismatch Search,nekrol,Negative Phrase
Bline | Productmismatch Search,neksteun,Negative Phrase
Bline | Productmismatch Search,hoofdsteun,Negative Phrase
Bline | Productmismatch Search,schoot,Negative Phrase
Bline | Productmismatch Search,op schoot,Negative Phrase
Bline | Productmismatch Search,vloer,Negative Phrase
Bline | Productmismatch Search,grond,Negative Phrase
Bline | Productmismatch Search,rond,Negative Phrase
Bline | Productmismatch Search,2 personen,Negative Phrase
Bline | Productmismatch Search,90 cm,Negative Phrase
Bline | Productmismatch Search,140,Negative Phrase
Bline | Productmismatch Search,140 cm,Negative Phrase
Bline | Productmismatch Search,160,Negative Phrase
Bline | Productmismatch Search,160 cm,Negative Phrase
Bline | Productmismatch Search,180,Negative Phrase
Bline | Productmismatch Search,180 cm,Negative Phrase
Bline | Productmismatch Search,200,Negative Phrase
Bline | Productmismatch Search,goedkoop,Negative Phrase
Bline | Productmismatch Search,goedkope,Negative Phrase
Bline | Productmismatch Search,aanbieding,Negative Phrase
Bline | Productmismatch Search,korting,Negative Phrase
Bline | Productmismatch Search,sale,Negative Phrase
Bline | Productmismatch Search,uitverkoop,Negative Phrase
Bline | Productmismatch Search,black friday,Negative Phrase
Bline | Productmismatch Search,teddy,Negative Phrase
Bline | Productmismatch Search,pompom,Negative Phrase
Bline | Productmismatch Search,pom pom,Negative Phrase
Bline | Productmismatch Search,fluffy,Negative Phrase
Bline | Productmismatch Search,minecraft,Negative Phrase
Bline | Productmismatch Search,stitch,Negative Phrase
Bline | Productmismatch Search,sierkussen,Negative Phrase
Bline | Productmismatch Search,sierkussens,Negative Phrase
Bline | Productmismatch Search,zitzak,Negative Phrase
Bline | Productmismatch Search,slapen,Negative Phrase
Bline | Productmismatch Search,zijslaper,Negative Phrase
Bline | Productmismatch Search,lendekussen,Negative Phrase
