Campaign,Ad Group,Keyword,Criterion Type,Max CPC,Final URL,Status,Labels
00 Search | Merk | NL+BE,Merk,bline leeskussen review,Phrase,,,Paused,Bline prio 2
00 Search | Merk | NL+BE,Merk,bline ervaringen,Phrase,,,Paused,Bline prio 2
00 Search | Merk | NL+BE,Hoes,slopen voor bline leeskussen,Phrase,,,Paused,Bline prio 2
02 Search | Generiek | NL+BE,Leeskussen,lees kussen,Exact,,,Paused,Bline prio 2
02 Search | Generiek | NL+BE,Leeskussen,leeskussen volwassenen,Phrase,,,Paused,Bline prio 2
02 Search | Generiek | NL+BE,Leeskussen,leeskussen voor volwassenen,Phrase,,,Paused,Bline prio 2
02 Search | Generiek | NL+BE,Leeskussen,groot leeskussen,Phrase,,,Paused,Bline prio 2
02 Search | Generiek | NL+BE,Leeskussen bed,leeskussen voor op bed,Phrase,,,Paused,Bline prio 2
02 Search | Generiek | NL+BE,Leeskussen bed,leeskussen voor bed,Phrase,,,Paused,Bline prio 2
02 Search | Generiek | NL+BE,Leeskussen bed,bed leeskussen,Exact,,,Paused,Bline prio 2
02 Search | Generiek | NL+BE,Leeskussen bed,groot leeskussen bed,Phrase,,,Paused,Bline prio 2
02 Search | Generiek | NL+BE,Leeskussen bed,leeskussen bed rugkussen,Phrase,,,Paused,Bline prio 2
02 Search | Generiek | NL+BE,Leeskussen bank en zetel,leeskussen bed bank,Phrase,,,Paused,Bline prio 2
02 Search | Generiek | NL+BE,Leeskussen bank en zetel,leeskussen voor zetel,Phrase,,,Paused,Bline prio 2
02 Search | Generiek | NL+BE,Rugkussen bed,rugkussen op bed,Phrase,,,Paused,Bline prio 2
02 Search | Generiek | NL+BE,Rugkussen bed,rugkussen voor bed,Phrase,,,Paused,Bline prio 2
02 Search | Generiek | NL+BE,Rugkussen bed,bed rugkussen,Exact,,,Paused,Bline prio 2
02 Search | Generiek | NL+BE,Rugkussen bed,groot rugkussen bed,Phrase,,,Paused,Bline prio 2
02 Search | Generiek | NL+BE,Rugkussen bed,stevig rugkussen bed,Phrase,,,Paused,Bline prio 2
02 Search | Generiek | NL+BE,Rugkussen bed,rugkussen bed bank,Phrase,,,Paused,Bline prio 2
02 Search | Generiek | NL+BE,Rugkussen bed,rugkussen voor in bed en bank,Phrase,,,Paused,Bline prio 2
02 Search | Generiek | NL+BE,Rugkussen bed,driehoekig rugkussen bed,Phrase,,,Paused,Bline prio 2
02 Search | Generiek | NL+BE,Rugkussen bed,rugkussen driehoek,Phrase,,,Paused,Bline prio 2
02 Search | Generiek | NL+BE,Rugkussen bank en zetel,rugkussen bank,Exact,,,Paused,Bline prio 2
02 Search | Generiek | NL+BE,Rugkussen bank en zetel,rugkussen voor op de bank,Phrase,,,Paused,Bline prio 2
02 Search | Generiek | NL+BE,Rugkussen bank en zetel,rugkussen zetel,Exact,,,Paused,Bline prio 2
02 Search | Generiek | NL+BE,Rugkussen bank en zetel,rugkussen voor in de zetel,Phrase,,,Paused,Bline prio 2
02 Search | Generiek | NL+BE,Rugsteun bed,rugsteun op bed,Phrase,,,Paused,Bline prio 2
02 Search | Generiek | NL+BE,Rugsteun bed,bed rugsteun,Exact,,,Paused,Bline prio 2
02 Search | Generiek | NL+BE,Rugsteun bed,ruggesteun in bed,Phrase,,,Paused,Bline prio 2
02 Search | Generiek | NL+BE,Rugsteun bed,ruggesteun bed,Phrase,,,Paused,Bline prio 2
02 Search | Generiek | NL+BE,Rugsteun bed,rug steun voor in bed,Phrase,,,Paused,Bline prio 2
02 Search | Generiek | NL+BE,Rugsteun bed,rugleuning bed kussen,Phrase,,,Paused,Bline prio 2
02 Search | Generiek | NL+BE,Rugsteun bed,rugleuning voor in bed,Phrase,,,Paused,Bline prio 2
02 Search | Generiek | NL+BE,Rugsteun bed,rugsteun bed kopen,Phrase,,,Paused,Bline prio 2
02 Search | Generiek | NL+BE,Rechtop zitten in bed,kussen voor rechtop zitten in bed,Phrase,,,Paused,Bline prio 2
02 Search | Generiek | NL+BE,Rechtop zitten in bed,zitkussen bed,Exact,,,Paused,Bline prio 2
02 Search | Generiek | NL+BE,Rechtop zitten in bed,zitkussen voor in bed,Phrase,,,Paused,Bline prio 2
02 Search | Generiek | NL+BE,Lezen en tv in bed,kussen om te lezen in bed,Phrase,,,Paused,Bline prio 2
02 Search | Generiek | NL+BE,Lezen en tv in bed,kussen om te lezen,Phrase,,,Paused,Bline prio 2
02 Search | Generiek | NL+BE,Lezen en tv in bed,kussen voor lezen in bed,Phrase,,,Paused,Bline prio 2
02 Search | Generiek | NL+BE,Lezen en tv in bed,lezen in bed kussen,Phrase,,,Paused,Bline prio 2
02 Search | Generiek | NL+BE,Lezen en tv in bed,kussen om boek te lezen in bed,Phrase,,,Paused,Bline prio 2
02 Search | Generiek | NL+BE,Lezen en tv in bed,tv kijken in bed kussen,Phrase,,,Paused,Bline prio 2
02 Search | Generiek | NL+BE,Kenmerken,leeskussen memory foam,Phrase,,,Paused,Bline prio 2
02 Search | Generiek | NL+BE,Kenmerken,rugkussen traagschuim,Phrase,,,Paused,Bline prio 2
02 Search | Generiek | NL+BE,Kenmerken,leeskussen stevig,Phrase,,,Paused,Bline prio 2
02 Search | Generiek | NL+BE,Kenmerken,leeskussen katoen,Phrase,,,Paused,Bline prio 2
02 Search | Generiek | NL+BE,Kenmerken,leeskussen met vak,Phrase,,,Paused,Bline prio 2
02 Search | Generiek | NL+BE,Kenmerken,leeskussen met opbergvak,Phrase,,,Paused,Bline prio 2
02 Search | Generiek | NL+BE,Kenmerken,leeskussen afneembare hoes,Phrase,,,Paused,Bline prio 2
02 Search | Generiek | NL+BE,Kleuren,leeskussen wit,Phrase,,https://www.blinesleep.nl/products/leeskussen-wit,Paused,Bline prio 2
02 Search | Generiek | NL+BE,Kleuren,leeskussen beige,Phrase,,https://www.blinesleep.nl/products/leeskussen-beige,Paused,Bline prio 2
02 Search | Generiek | NL+BE,Kleuren,leeskussen blauw,Phrase,,https://www.blinesleep.nl/products/leeskussen-blauw,Paused,Bline prio 2
02 Search | Generiek | NL+BE,Kleuren,leeskussen grijs,Phrase,,https://www.blinesleep.nl/products/leeskussen-grijs,Paused,Bline prio 2
02 Search | Generiek | NL+BE,Kleuren,leeskussen zwart,Phrase,,https://www.blinesleep.nl/products/leeskussen-zwart,Paused,Bline prio 2
03 Search | Cadeau | NL+BE,Cadeau voor lezers,cadeau voor boekenliefhebber,Phrase,,,Paused,Bline prio 2
03 Search | Cadeau | NL+BE,Cadeau voor lezers,cadeau boekenliefhebber,Phrase,,,Paused,Bline prio 2
03 Search | Cadeau | NL+BE,Cadeau voor lezers,origineel cadeau boekenliefhebber,Phrase,,,Paused,Bline prio 2
03 Search | Cadeau | NL+BE,Cadeau voor lezers,leuk cadeau voor boekenliefhebber,Phrase,,,Paused,Bline prio 2
03 Search | Cadeau | NL+BE,Cadeau voor lezers,cadeau idee boekenliefhebber,Phrase,,,Paused,Bline prio 2
03 Search | Cadeau | NL+BE,Cadeau voor lezers,cadeau voor lezer,Phrase,,,Paused,Bline prio 2
03 Search | Cadeau | NL+BE,Cadeau voor lezers,cadeau voor lezers,Phrase,,,Paused,Bline prio 2
03 Search | Cadeau | NL+BE,Cadeau voor lezers,cadeau voor iemand die graag leest,Phrase,,,Paused,Bline prio 2
03 Search | Cadeau | NL+BE,Cadeau voor lezers,kerstcadeau boekenliefhebber,Phrase,,,Paused,Bline prio 2
03 Search | Cadeau | NL+BE,Cadeau voor lezers,sinterklaascadeau boekenliefhebber,Phrase,,,Paused,Bline prio 2
03 Search | Cadeau | NL+BE,Cadeau voor lezers,leeskussen cadeau,Phrase,,,Paused,Bline prio 2
