Campaign,Sitelink text,Description line 1,Description line 2,Final URL
00 Search | Merk | NL+BE,Vijf kleuren,"Wit, beige, blauw, grijs, zwart",Kies de kleur die bij je bed past,https://www.blinesleep.nl/#kleuren
00 Search | Merk | NL+BE,Losse hoezen,Tweede hoes voor de wasdag,"Katoen 400 TC, met rits",https://www.blinesleep.nl/products/hoes-beige
00 Search | Merk | NL+BE,Maten en details,"65 x 50 x 45 cm, 3,8 kg",Zo past hij op je bed,https://www.blinesleep.nl/pages/maatgids
00 Search | Merk | NL+BE,Veelgestelde vragen,"Maat, wassen, levertijd",Alles op één pagina,https://www.blinesleep.nl/pages/veelgestelde-vragen
00 Search | Merk | NL+BE,Verzending,Gratis naar NL en BE,In 1-2 werkdagen in huis,https://www.blinesleep.nl/pages/verzending
00 Search | Merk | NL+BE,30 dagen proberen,Rustig thuis uitproberen,Zo werkt retourneren,https://www.blinesleep.nl/pages/retourneren
00 Search | Merk | NL+BE,Over Bline,Een Nederlands merk uit Borne,Wie we zijn en wat we maken,https://www.blinesleep.nl/pages/over-bline
00 Search | Merk | NL+BE,Contact,Vragen over maat of kleur?,We helpen je graag,https://www.blinesleep.nl/pages/contact
02 Search | Generiek | NL+BE,Vijf kleuren,"Wit, beige, blauw, grijs, zwart",Kies de kleur die bij je bed past,https://www.blinesleep.nl/#kleuren
02 Search | Generiek | NL+BE,Losse hoezen,Tweede hoes voor de wasdag,"Katoen 400 TC, met rits",https://www.blinesleep.nl/products/hoes-beige
02 Search | Generiek | NL+BE,Maten en details,"65 x 50 x 45 cm, 3,8 kg",Zo past hij op je bed,https://www.blinesleep.nl/pages/maatgids
02 Search | Generiek | NL+BE,Veelgestelde vragen,"Maat, wassen, levertijd",Alles op één pagina,https://www.blinesleep.nl/pages/veelgestelde-vragen
02 Search | Generiek | NL+BE,Verzending,Gratis naar NL en BE,In 1-2 werkdagen in huis,https://www.blinesleep.nl/pages/verzending
02 Search | Generiek | NL+BE,30 dagen proberen,Rustig thuis uitproberen,Zo werkt retourneren,https://www.blinesleep.nl/pages/retourneren
02 Search | Generiek | NL+BE,Over Bline,Een Nederlands merk uit Borne,Wie we zijn en wat we maken,https://www.blinesleep.nl/pages/over-bline
02 Search | Generiek | NL+BE,Contact,Vragen over maat of kleur?,We helpen je graag,https://www.blinesleep.nl/pages/contact
03 Search | Cadeau | NL+BE,Vijf kleuren,"Wit, beige, blauw, grijs, zwart",Kies de kleur die bij je bed past,https://www.blinesleep.nl/#kleuren
03 Search | Cadeau | NL+BE,Losse hoezen,Tweede hoes voor de wasdag,"Katoen 400 TC, met rits",https://www.blinesleep.nl/products/hoes-beige
03 Search | Cadeau | NL+BE,Maten en details,"65 x 50 x 45 cm, 3,8 kg",Zo past hij op je bed,https://www.blinesleep.nl/pages/maatgids
03 Search | Cadeau | NL+BE,Veelgestelde vragen,"Maat, wassen, levertijd",Alles op één pagina,https://www.blinesleep.nl/pages/veelgestelde-vragen
03 Search | Cadeau | NL+BE,Verzending,Gratis naar NL en BE,In 1-2 werkdagen in huis,https://www.blinesleep.nl/pages/verzending
03 Search | Cadeau | NL+BE,30 dagen proberen,Rustig thuis uitproberen,Zo werkt retourneren,https://www.blinesleep.nl/pages/retourneren
03 Search | Cadeau | NL+BE,Over Bline,Een Nederlands merk uit Borne,Wie we zijn en wat we maken,https://www.blinesleep.nl/pages/over-bline
03 Search | Cadeau | NL+BE,Contact,Vragen over maat of kleur?,We helpen je graag,https://www.blinesleep.nl/pages/contact
