id,title,brand,color,material,size,product_type,product_highlight,product_highlight,product_highlight,product_highlight,product_highlight,product_detail,product_detail,product_detail,product_detail,product_detail,custom_label_0,custom_label_1,custom_label_2,custom_label_3
shopify_NL_10913990181203_55210456514899,"Leeskussen met telefoonvak, rugkussen voor bed en bank, stevig traagschuim, wasbare hoes, Beige | Bline",Bline,Beige,Traagschuim/Katoen,65 x 50 x 45 cm,Slaapkamer > Kussens > Leeskussens,"3,8 kg stevig traagschuim: je leunt erop zonder weg te zakken","Zijvak voor je telefoon, bril of boek","Katoenen hoes van 400 TC met rits, wasbaar op 30 °C","65 cm breed, 50 cm hoog, 45 cm diep: twee passen naast elkaar op een bed vanaf 140 cm","Verkrijgbaar in 5 kleuren: beige, blauw, wit, grijs en zwart",Afmetingen:Formaat:65 x 50 x 45 cm (b x h x d),"Materiaal:Vulling:Traagschuim, 3,8 kg","Materiaal:Hoes:100% katoen, 400 TC, met rits","Onderhoud:Wassen:Hoes op 30 °C, niet in de droger","Kenmerken:Opbergvak:Zijvak voor telefoon, bril of boek",leeskussen,beige,standaard,start
shopify_BE_10913990181203_55210456514899,"Leeskussen met telefoonvak, rugkussen voor bed en bank, stevig traagschuim, wasbare hoes, Beige | Bline",Bline,Beige,Traagschuim/Katoen,65 x 50 x 45 cm,Slaapkamer > Kussens > Leeskussens,"3,8 kg stevig traagschuim: je leunt erop zonder weg te zakken","Zijvak voor je telefoon, bril of boek","Katoenen hoes van 400 TC met rits, wasbaar op 30 °C","65 cm breed, 50 cm hoog, 45 cm diep: twee passen naast elkaar op een bed vanaf 140 cm","Verkrijgbaar in 5 kleuren: beige, blauw, wit, grijs en zwart",Afmetingen:Formaat:65 x 50 x 45 cm (b x h x d),"Materiaal:Vulling:Traagschuim, 3,8 kg","Materiaal:Hoes:100% katoen, 400 TC, met rits","Onderhoud:Wassen:Hoes op 30 °C, niet in de droger","Kenmerken:Opbergvak:Zijvak voor telefoon, bril of boek",leeskussen,beige,standaard,start
shopify_NL_10913990639955_55210457170259,"Leeskussen met telefoonvak, rugkussen voor bed en bank, stevig traagschuim, wasbare hoes, Wit | Bline",Bline,Wit,Traagschuim/Katoen,65 x 50 x 45 cm,Slaapkamer > Kussens > Leeskussens,"3,8 kg stevig traagschuim: je leunt erop zonder weg te zakken","Zijvak voor je telefoon, bril of boek","Katoenen hoes van 400 TC met rits, wasbaar op 30 °C","65 cm breed, 50 cm hoog, 45 cm diep: twee passen naast elkaar op een bed vanaf 140 cm","Verkrijgbaar in 5 kleuren: beige, blauw, wit, grijs en zwart",Afmetingen:Formaat:65 x 50 x 45 cm (b x h x d),"Materiaal:Vulling:Traagschuim, 3,8 kg","Materiaal:Hoes:100% katoen, 400 TC, met rits","Onderhoud:Wassen:Hoes op 30 °C, niet in de droger","Kenmerken:Opbergvak:Zijvak voor telefoon, bril of boek",leeskussen,wit,instap,start
shopify_BE_10913990639955_55210457170259,"Leeskussen met telefoonvak, rugkussen voor bed en bank, stevig traagschuim, wasbare hoes, Wit | Bline",Bline,Wit,Traagschuim/Katoen,65 x 50 x 45 cm,Slaapkamer > Kussens > Leeskussens,"3,8 kg stevig traagschuim: je leunt erop zonder weg te zakken","Zijvak voor je telefoon, bril of boek","Katoenen hoes van 400 TC met rits, wasbaar op 30 °C","65 cm breed, 50 cm hoog, 45 cm diep: twee passen naast elkaar op een bed vanaf 140 cm","Verkrijgbaar in 5 kleuren: beige, blauw, wit, grijs en zwart",Afmetingen:Formaat:65 x 50 x 45 cm (b x h x d),"Materiaal:Vulling:Traagschuim, 3,8 kg","Materiaal:Hoes:100% katoen, 400 TC, met rits","Onderhoud:Wassen:Hoes op 30 °C, niet in de droger","Kenmerken:Opbergvak:Zijvak voor telefoon, bril of boek",leeskussen,wit,instap,start
shopify_NL_10913990869331_55210458448211,"Leeskussen met telefoonvak, rugkussen voor bed en bank, stevig traagschuim, wasbare hoes, Blauw | Bline",Bline,Blauw,Traagschuim/Katoen,65 x 50 x 45 cm,Slaapkamer > Kussens > Leeskussens,"3,8 kg stevig traagschuim: je leunt erop zonder weg te zakken","Zijvak voor je telefoon, bril of boek","Katoenen hoes van 400 TC met rits, wasbaar op 30 °C","65 cm breed, 50 cm hoog, 45 cm diep: twee passen naast elkaar op een bed vanaf 140 cm","Verkrijgbaar in 5 kleuren: beige, blauw, wit, grijs en zwart",Afmetingen:Formaat:65 x 50 x 45 cm (b x h x d),"Materiaal:Vulling:Traagschuim, 3,8 kg","Materiaal:Hoes:100% katoen, 400 TC, met rits","Onderhoud:Wassen:Hoes op 30 °C, niet in de droger","Kenmerken:Opbergvak:Zijvak voor telefoon, bril of boek",leeskussen,blauw,standaard,start
shopify_BE_10913990869331_55210458448211,"Leeskussen met telefoonvak, rugkussen voor bed en bank, stevig traagschuim, wasbare hoes, Blauw | Bline",Bline,Blauw,Traagschuim/Katoen,65 x 50 x 45 cm,Slaapkamer > Kussens > Leeskussens,"3,8 kg stevig traagschuim: je leunt erop zonder weg te zakken","Zijvak voor je telefoon, bril of boek","Katoenen hoes van 400 TC met rits, wasbaar op 30 °C","65 cm breed, 50 cm hoog, 45 cm diep: twee passen naast elkaar op een bed vanaf 140 cm","Verkrijgbaar in 5 kleuren: beige, blauw, wit, grijs en zwart",Afmetingen:Formaat:65 x 50 x 45 cm (b x h x d),"Materiaal:Vulling:Traagschuim, 3,8 kg","Materiaal:Hoes:100% katoen, 400 TC, met rits","Onderhoud:Wassen:Hoes op 30 °C, niet in de droger","Kenmerken:Opbergvak:Zijvak voor telefoon, bril of boek",leeskussen,blauw,standaard,start
shopify_NL_10913991131475_55210458710355,"Leeskussen met telefoonvak, rugkussen voor bed en bank, stevig traagschuim, wasbare hoes, Grijs | Bline",Bline,Grijs,Traagschuim/Katoen,65 x 50 x 45 cm,Slaapkamer > Kussens > Leeskussens,"3,8 kg stevig traagschuim: je leunt erop zonder weg te zakken","Zijvak voor je telefoon, bril of boek","Katoenen hoes van 400 TC met rits, wasbaar op 30 °C","65 cm breed, 50 cm hoog, 45 cm diep: twee passen naast elkaar op een bed vanaf 140 cm","Verkrijgbaar in 5 kleuren: beige, blauw, wit, grijs en zwart",Afmetingen:Formaat:65 x 50 x 45 cm (b x h x d),"Materiaal:Vulling:Traagschuim, 3,8 kg","Materiaal:Hoes:100% katoen, 400 TC, met rits","Onderhoud:Wassen:Hoes op 30 °C, niet in de droger","Kenmerken:Opbergvak:Zijvak voor telefoon, bril of boek",leeskussen,grijs,standaard,start
shopify_BE_10913991131475_55210458710355,"Leeskussen met telefoonvak, rugkussen voor bed en bank, stevig traagschuim, wasbare hoes, Grijs | Bline",Bline,Grijs,Traagschuim/Katoen,65 x 50 x 45 cm,Slaapkamer > Kussens > Leeskussens,"3,8 kg stevig traagschuim: je leunt erop zonder weg te zakken","Zijvak voor je telefoon, bril of boek","Katoenen hoes van 400 TC met rits, wasbaar op 30 °C","65 cm breed, 50 cm hoog, 45 cm diep: twee passen naast elkaar op een bed vanaf 140 cm","Verkrijgbaar in 5 kleuren: beige, blauw, wit, grijs en zwart",Afmetingen:Formaat:65 x 50 x 45 cm (b x h x d),"Materiaal:Vulling:Traagschuim, 3,8 kg","Materiaal:Hoes:100% katoen, 400 TC, met rits","Onderhoud:Wassen:Hoes op 30 °C, niet in de droger","Kenmerken:Opbergvak:Zijvak voor telefoon, bril of boek",leeskussen,grijs,standaard,start
shopify_NL_10913991393619_55210459332947,"Leeskussen met telefoonvak, rugkussen voor bed en bank, stevig traagschuim, wasbare hoes, Zwart | Bline",Bline,Zwart,Traagschuim/Katoen,65 x 50 x 45 cm,Slaapkamer > Kussens > Leeskussens,"3,8 kg stevig traagschuim: je leunt erop zonder weg te zakken","Zijvak voor je telefoon, bril of boek","Katoenen hoes van 400 TC met rits, wasbaar op 30 °C","65 cm breed, 50 cm hoog, 45 cm diep: twee passen naast elkaar op een bed vanaf 140 cm","Verkrijgbaar in 5 kleuren: beige, blauw, wit, grijs en zwart",Afmetingen:Formaat:65 x 50 x 45 cm (b x h x d),"Materiaal:Vulling:Traagschuim, 3,8 kg","Materiaal:Hoes:100% katoen, 400 TC, met rits","Onderhoud:Wassen:Hoes op 30 °C, niet in de droger","Kenmerken:Opbergvak:Zijvak voor telefoon, bril of boek",leeskussen,zwart,standaard,start
shopify_BE_10913991393619_55210459332947,"Leeskussen met telefoonvak, rugkussen voor bed en bank, stevig traagschuim, wasbare hoes, Zwart | Bline",Bline,Zwart,Traagschuim/Katoen,65 x 50 x 45 cm,Slaapkamer > Kussens > Leeskussens,"3,8 kg stevig traagschuim: je leunt erop zonder weg te zakken","Zijvak voor je telefoon, bril of boek","Katoenen hoes van 400 TC met rits, wasbaar op 30 °C","65 cm breed, 50 cm hoog, 45 cm diep: twee passen naast elkaar op een bed vanaf 140 cm","Verkrijgbaar in 5 kleuren: beige, blauw, wit, grijs en zwart",Afmetingen:Formaat:65 x 50 x 45 cm (b x h x d),"Materiaal:Vulling:Traagschuim, 3,8 kg","Materiaal:Hoes:100% katoen, 400 TC, met rits","Onderhoud:Wassen:Hoes op 30 °C, niet in de droger","Kenmerken:Opbergvak:Zijvak voor telefoon, bril of boek",leeskussen,zwart,standaard,start
shopify_NL_10913991590227_55210460315987,"Hoes voor leeskussen Bline, 100% katoen 400 TC met rits, wasbaar op 30 °C, Wit",Bline,Wit,Katoen,Past om leeskussen 65 x 50 x 45 cm,Slaapkamer > Kussens > Leeskussenhoezen,Past precies om het Bline leeskussen van 65 x 50 x 45 cm,"100% katoen, 400 TC: zacht en stevig geweven","Rits aan de achterkant, in een paar tellen verwisseld",Wasbaar op 30 °C,"Met zijvak voor je telefoon, bril of boek",Afmetingen:Formaat:voor leeskussen 65 x 50 x 45 cm,"Materiaal:Stof:100% katoen, 400 TC","Onderhoud:Wassen:30 °C, niet in de droger",Kenmerken:Sluiting:Rits,Kenmerken:Opbergvak:Zijvak,hoes,wit,accessoire,start
shopify_BE_10913991590227_55210460315987,"Hoes voor leeskussen Bline, 100% katoen 400 TC met rits, wasbaar op 30 °C, Wit",Bline,Wit,Katoen,Past om leeskussen 65 x 50 x 45 cm,Slaapkamer > Kussens > Leeskussenhoezen,Past precies om het Bline leeskussen van 65 x 50 x 45 cm,"100% katoen, 400 TC: zacht en stevig geweven","Rits aan de achterkant, in een paar tellen verwisseld",Wasbaar op 30 °C,"Met zijvak voor je telefoon, bril of boek",Afmetingen:Formaat:voor leeskussen 65 x 50 x 45 cm,"Materiaal:Stof:100% katoen, 400 TC","Onderhoud:Wassen:30 °C, niet in de droger",Kenmerken:Sluiting:Rits,Kenmerken:Opbergvak:Zijvak,hoes,wit,accessoire,start
shopify_NL_10913991721299_55210460479827,"Hoes voor leeskussen Bline, 100% katoen 400 TC met rits, wasbaar op 30 °C, Beige",Bline,Beige,Katoen,Past om leeskussen 65 x 50 x 45 cm,Slaapkamer > Kussens > Leeskussenhoezen,Past precies om het Bline leeskussen van 65 x 50 x 45 cm,"100% katoen, 400 TC: zacht en stevig geweven","Rits aan de achterkant, in een paar tellen verwisseld",Wasbaar op 30 °C,"Met zijvak voor je telefoon, bril of boek",Afmetingen:Formaat:voor leeskussen 65 x 50 x 45 cm,"Materiaal:Stof:100% katoen, 400 TC","Onderhoud:Wassen:30 °C, niet in de droger",Kenmerken:Sluiting:Rits,Kenmerken:Opbergvak:Zijvak,hoes,beige,accessoire,start
shopify_BE_10913991721299_55210460479827,"Hoes voor leeskussen Bline, 100% katoen 400 TC met rits, wasbaar op 30 °C, Beige",Bline,Beige,Katoen,Past om leeskussen 65 x 50 x 45 cm,Slaapkamer > Kussens > Leeskussenhoezen,Past precies om het Bline leeskussen van 65 x 50 x 45 cm,"100% katoen, 400 TC: zacht en stevig geweven","Rits aan de achterkant, in een paar tellen verwisseld",Wasbaar op 30 °C,"Met zijvak voor je telefoon, bril of boek",Afmetingen:Formaat:voor leeskussen 65 x 50 x 45 cm,"Materiaal:Stof:100% katoen, 400 TC","Onderhoud:Wassen:30 °C, niet in de droger",Kenmerken:Sluiting:Rits,Kenmerken:Opbergvak:Zijvak,hoes,beige,accessoire,start
shopify_NL_10913991819603_55210460643667,"Hoes voor leeskussen Bline, 100% katoen 400 TC met rits, wasbaar op 30 °C, Blauw",Bline,Blauw,Katoen,Past om leeskussen 65 x 50 x 45 cm,Slaapkamer > Kussens > Leeskussenhoezen,Past precies om het Bline leeskussen van 65 x 50 x 45 cm,"100% katoen, 400 TC: zacht en stevig geweven","Rits aan de achterkant, in een paar tellen verwisseld",Wasbaar op 30 °C,"Met zijvak voor je telefoon, bril of boek",Afmetingen:Formaat:voor leeskussen 65 x 50 x 45 cm,"Materiaal:Stof:100% katoen, 400 TC","Onderhoud:Wassen:30 °C, niet in de droger",Kenmerken:Sluiting:Rits,Kenmerken:Opbergvak:Zijvak,hoes,blauw,accessoire,start
shopify_BE_10913991819603_55210460643667,"Hoes voor leeskussen Bline, 100% katoen 400 TC met rits, wasbaar op 30 °C, Blauw",Bline,Blauw,Katoen,Past om leeskussen 65 x 50 x 45 cm,Slaapkamer > Kussens > Leeskussenhoezen,Past precies om het Bline leeskussen van 65 x 50 x 45 cm,"100% katoen, 400 TC: zacht en stevig geweven","Rits aan de achterkant, in een paar tellen verwisseld",Wasbaar op 30 °C,"Met zijvak voor je telefoon, bril of boek",Afmetingen:Formaat:voor leeskussen 65 x 50 x 45 cm,"Materiaal:Stof:100% katoen, 400 TC","Onderhoud:Wassen:30 °C, niet in de droger",Kenmerken:Sluiting:Rits,Kenmerken:Opbergvak:Zijvak,hoes,blauw,accessoire,start
shopify_NL_10913991917907_55210460774739,"Hoes voor leeskussen Bline, 100% katoen 400 TC met rits, wasbaar op 30 °C, Grijs",Bline,Grijs,Katoen,Past om leeskussen 65 x 50 x 45 cm,Slaapkamer > Kussens > Leeskussenhoezen,Past precies om het Bline leeskussen van 65 x 50 x 45 cm,"100% katoen, 400 TC: zacht en stevig geweven","Rits aan de achterkant, in een paar tellen verwisseld",Wasbaar op 30 °C,"Met zijvak voor je telefoon, bril of boek",Afmetingen:Formaat:voor leeskussen 65 x 50 x 45 cm,"Materiaal:Stof:100% katoen, 400 TC","Onderhoud:Wassen:30 °C, niet in de droger",Kenmerken:Sluiting:Rits,Kenmerken:Opbergvak:Zijvak,hoes,grijs,accessoire,start
shopify_BE_10913991917907_55210460774739,"Hoes voor leeskussen Bline, 100% katoen 400 TC met rits, wasbaar op 30 °C, Grijs",Bline,Grijs,Katoen,Past om leeskussen 65 x 50 x 45 cm,Slaapkamer > Kussens > Leeskussenhoezen,Past precies om het Bline leeskussen van 65 x 50 x 45 cm,"100% katoen, 400 TC: zacht en stevig geweven","Rits aan de achterkant, in een paar tellen verwisseld",Wasbaar op 30 °C,"Met zijvak voor je telefoon, bril of boek",Afmetingen:Formaat:voor leeskussen 65 x 50 x 45 cm,"Materiaal:Stof:100% katoen, 400 TC","Onderhoud:Wassen:30 °C, niet in de droger",Kenmerken:Sluiting:Rits,Kenmerken:Opbergvak:Zijvak,hoes,grijs,accessoire,start
shopify_NL_10913992016211_55210460905811,"Hoes voor leeskussen Bline, 100% katoen 400 TC met rits, wasbaar op 30 °C, Zwart",Bline,Zwart,Katoen,Past om leeskussen 65 x 50 x 45 cm,Slaapkamer > Kussens > Leeskussenhoezen,Past precies om het Bline leeskussen van 65 x 50 x 45 cm,"100% katoen, 400 TC: zacht en stevig geweven","Rits aan de achterkant, in een paar tellen verwisseld",Wasbaar op 30 °C,"Met zijvak voor je telefoon, bril of boek",Afmetingen:Formaat:voor leeskussen 65 x 50 x 45 cm,"Materiaal:Stof:100% katoen, 400 TC","Onderhoud:Wassen:30 °C, niet in de droger",Kenmerken:Sluiting:Rits,Kenmerken:Opbergvak:Zijvak,hoes,zwart,accessoire,start
shopify_BE_10913992016211_55210460905811,"Hoes voor leeskussen Bline, 100% katoen 400 TC met rits, wasbaar op 30 °C, Zwart",Bline,Zwart,Katoen,Past om leeskussen 65 x 50 x 45 cm,Slaapkamer > Kussens > Leeskussenhoezen,Past precies om het Bline leeskussen van 65 x 50 x 45 cm,"100% katoen, 400 TC: zacht en stevig geweven","Rits aan de achterkant, in een paar tellen verwisseld",Wasbaar op 30 °C,"Met zijvak voor je telefoon, bril of boek",Afmetingen:Formaat:voor leeskussen 65 x 50 x 45 cm,"Materiaal:Stof:100% katoen, 400 TC","Onderhoud:Wassen:30 °C, niet in de droger",Kenmerken:Sluiting:Rits,Kenmerken:Opbergvak:Zijvak,hoes,zwart,accessoire,start
